start_node_id,end_node_id,volume,link_id,geometry
115,167,10,337,"LINESTRING (-122.2636485 37.8928783,-122.26364 37.8930335,-122.2635769 37.8938006,-122.2635894 37.8938944,-122.2636573 37.8940089,-122.2637836 37.8940852)"
167,172,20,489,"LINESTRING (-122.2637836 37.8940852,-122.2638908 37.8941273,-122.265318 37.8944044,-122.2655058 37.894459,-122.2655943 37.8944908)"
172,159,880,503,"LINESTRING (-122.2655943 37.8944908,-122.2661777 37.8941214)"
159,158,930,466,"LINESTRING (-122.2661777 37.8941214,-122.2676211 37.8931956,-122.2676951 37.8931481)"
158,157,1170,462,"LINESTRING (-122.2676951 37.8931481,-122.2677941 37.8930859,-122.2684931 37.8926475)"
157,156,1480,458,"LINESTRING (-122.2684931 37.8926475,-122.2685504 37.8926111,-122.2692667 37.8921564)"
156,155,1510,454,"LINESTRING (-122.2692667 37.8921564,-122.2701433 37.8915852)"
155,154,1520,451,"LINESTRING (-122.2701433 37.8915852,-122.2701916 37.8915542,-122.2711425 37.8909424)"
154,368,1530,447,"LINESTRING (-122.2711425 37.8909424,-122.2712002 37.8909053,-122.2721487 37.8902944,-122.2722446 37.8902326)"
368,244,1610,1045,"LINESTRING (-122.2722446 37.8902326,-122.2722674 37.8902534,-122.2722948 37.8902704,-122.2723257 37.8902828)"
244,411,1660,697,"LINESTRING (-122.2723257 37.8902828,-122.2723639 37.890291,-122.2724033 37.8902925)"
411,362,1690,1162,"LINESTRING (-122.2724033 37.8902925,-122.2724395 37.8902877,-122.2724737 37.8902773,-122.2725045 37.8902616)"
362,168,1690,1030,"LINESTRING (-122.2725045 37.8902616,-122.2725307 37.8902414,-122.2725512 37.8902174,-122.2725651 37.8901906,-122.2725718 37.8901622)"
168,365,1690,492,"LINESTRING (-122.2725718 37.8901622,-122.272572 37.8901405,-122.272568 37.8901191)"
365,372,1690,1035,"LINESTRING (-122.272568 37.8901191,-122.2726468 37.8900258,-122.2727933 37.8899335,-122.272978 37.8898172)"
372,145,1690,1055,"LINESTRING (-122.272978 37.8898172,-122.2732488 37.8897208,-122.27467 37.8893066,-122.2746883 37.8893013,-122.2747721 37.8892744)"
145,143,1690,423,"LINESTRING (-122.2747721 37.8892744,-122.274933 37.889229,-122.274964 37.8892203,-122.2750742 37.8891892)"
143,220,1690,416,"LINESTRING (-122.2750742 37.8891892,-122.2752234 37.8891831,-122.2755644 37.8890821,-122.275767 37.8890242,-122.2759958 37.8889392)"
220,142,1690,627,"LINESTRING (-122.2759958 37.8889392,-122.2761065 37.8889222,-122.2762216 37.8889045,-122.2763643 37.8888937,-122.2765387 37.8888797)"
142,427,1690,1214,"LINESTRING (-122.27653870000002 37.888879700000004, -122.27806 37.87086)"
397,49,30,1124,"LINESTRING (-122.2585085 37.8907085,-122.2585908 37.8905801,-122.2586618 37.8904956,-122.258791 37.8903681,-122.2589489 37.8902527,-122.2590947 37.8901884,-122.2592672 37.8901464,-122.2595291 37.8901099,-122.2597577 37.8900972,-122.2598703 37.8901013,-122.2601323 37.8901395,-122.2602566 37.8901357,-122.2607455 37.890071)"
49,4,60,147,"LINESTRING (-122.2607455 37.890071,-122.2608516 37.8904355)"
4,2,70,11,"LINESTRING (-122.2608516 37.8904355,-122.2611291 37.8902796,-122.2611614 37.8902645,-122.2613862 37.8901593,-122.2615424 37.8901004,-122.2617835 37.8900299)"
2,302,80,7,"LINESTRING (-122.2617835 37.8900299,-122.2618378 37.8901322,-122.2619188 37.8903406,-122.2620011 37.8905616,-122.262068 37.8906614,-122.2621431 37.8907356,-122.2622793 37.8908212,-122.2624427 37.8908639,-122.2625881 37.8908647,-122.2627117 37.8908296,-122.2628213 37.8907796,-122.263245 37.8905255)"
302,48,100,872,"LINESTRING (-122.263245 37.8905255,-122.2637376 37.8907032,-122.2638967 37.8907606)"
48,46,120,144,"LINESTRING (-122.2638967 37.8907606,-122.2639756 37.8906933,-122.2640641 37.8905979,-122.2641638 37.8905104,-122.2642773 37.8904321,-122.264395 37.8903757,-122.2645245 37.8903419,-122.2646481 37.8903213,-122.264792 37.8903175,-122.2649455 37.8903272,-122.2650938 37.8903567,-122.2652159 37.8903992,-122.2653482 37.890471,-122.2654545 37.8905524,-122.2655691 37.8906674,-122.2658457 37.8910639,-122.2659157 37.8911484,-122.2659656 37.8911938)"
46,407,130,139,"LINESTRING (-122.2659656 37.8911938,-122.2660705 37.8911316,-122.2661689 37.8910911,-122.266262 37.8910686,-122.2663573 37.8910692,-122.2665135 37.8910942,-122.2666175 37.8911469,-122.2666758 37.8912098,-122.2667163 37.8912979,-122.266874 37.8918858,-122.2668991 37.8919386,-122.2669661 37.8919743,-122.2670541 37.8920155)"
407,408,140,1151,"LINESTRING (-122.2670541 37.8920155,-122.2670741 37.891962,-122.2670901 37.8919195,-122.267122 37.8918344)"
408,157,150,1153,"LINESTRING (-122.267122 37.8918344,-122.2672345 37.8918974,-122.2672494 37.8919057,-122.2673738 37.8920085,-122.2676348 37.892222,-122.2677758 37.892309,-122.2681585 37.8924909,-122.2683796 37.892583,-122.2684931 37.8926475)"
0,165,10,0,"LINESTRING (-122.2612399 37.8876753,-122.261288 37.8876424,-122.2613312 37.8876175,-122.2613633 37.8876001,-122.261506 37.8875517,-122.2616119 37.8875274,-122.2617378 37.8875165,-122.2618563 37.8875285,-122.2620324 37.887575,-122.2621352 37.8876309)"
165,281,20,483,"LINESTRING (-122.2621352 37.8876309,-122.2622073 37.8876674,-122.2622749 37.8876829,-122.2623543 37.88769,-122.2624315 37.887678,-122.262521 37.8876341,-122.2625579 37.8875813,-122.262579 37.8874981,-122.2625725 37.8874017,-122.2625106 37.8873155,-122.2624024 37.8872246,-122.2623156 37.8871307,-122.2622769 37.8870456,-122.2622706 37.8869655,-122.2622788 37.8868823,-122.2623315 37.8867097,-122.2623676 37.8865696)"
281,391,20,811,"LINESTRING (-122.2623676 37.8865696,-122.2624644 37.8865752,-122.2625158 37.8865782,-122.262683 37.8865572,-122.2632268 37.8864975)"
391,208,20,1107,"LINESTRING (-122.2632268 37.8864975,-122.264316 37.8863632,-122.2643709 37.8863564)"
208,280,20,598,"LINESTRING (-122.2643709 37.8863564,-122.2644374 37.8863489,-122.2654734 37.8862236)"
280,414,20,806,"LINESTRING (-122.2654734 37.8862236,-122.2665135 37.8860885,-122.2665956 37.8860779)"
414,75,20,1169,"LINESTRING (-122.2665956 37.8860779,-122.2666787 37.8860672,-122.2676356 37.8859461,-122.2677185 37.8859356)"
75,255,20,223,"LINESTRING (-122.2677185 37.8859356,-122.2677966 37.8859252,-122.2687538 37.8857976,-122.2688258 37.8857928)"
255,21,20,728,"LINESTRING (-122.2688258 37.8857928,-122.2689419 37.8858009,-122.2694564 37.8857385,-122.2695502 37.8857009)"
21,337,20,63,"LINESTRING (-122.2695502 37.8857009,-122.2699684 37.8856504)"
337,44,30,967,"LINESTRING (-122.2699684 37.8856504,-122.2707901 37.8855411,-122.2710918 37.885501,-122.2712162 37.8854845)"
44,174,30,131,"LINESTRING (-122.2712162 37.8854845,-122.2713143 37.8854714)"
174,182,30,510,"LINESTRING (-122.2713143 37.8854714,-122.2712991 37.8854116,-122.2712101 37.8846722,-122.2711376 37.8842047,-122.2710776 37.8837355,-122.2710692 37.8836694)"
182,373,30,526,"LINESTRING (-122.2710692 37.8836694,-122.271156 37.8836588,-122.2712093 37.8836519,-122.2714257 37.8836236,-122.2719737 37.8835515,-122.2720474 37.883542)"
373,222,30,1059,"LINESTRING (-122.2720474 37.883542,-122.273101 37.8834067,-122.273174 37.8833978)"
222,79,30,633,"LINESTRING (-122.273174 37.8833978,-122.27325 37.8833879,-122.2742165 37.8832624,-122.2743003 37.8832514)"
79,427,30,1209,"LINESTRING (-122.27430030000001 37.8832514, -122.27806 37.87086)"
84,271,30,250,"LINESTRING (-122.2539345 37.8942198,-122.2539741 37.8941911,-122.254306 37.8940117,-122.2547358 37.8937847)"
271,327,40,777,"LINESTRING (-122.2547358 37.8937847,-122.2544582 37.8934408,-122.2544342 37.8933637,-122.2544242 37.8932844,-122.2544415 37.8930954,-122.2544727 37.8929132,-122.2544523 37.8928064,-122.2544047 37.8927094,-122.2542417 37.8924443)"
327,328,50,939,"LINESTRING (-122.2542417 37.8924443,-122.2541384 37.8923566,-122.2540047 37.892271)"
328,308,120,944,"LINESTRING (-122.2540047 37.892271,-122.2542651 37.8920374,-122.2548802 37.8915064)"
308,153,270,890,"LINESTRING (-122.2548802 37.8915064,-122.2549707 37.8915731,-122.2550542 37.891634,-122.2551016 37.8916685)"
153,304,300,445,"LINESTRING (-122.2551016 37.8916685,-122.2553697 37.8918716,-122.2554978 37.8920192,-122.2556221 37.892201,-122.2557473 37.8923147,-122.2559349 37.8924082,-122.2562762 37.8925004,-122.2563652 37.8925214,-122.2564124 37.8925317,-122.2564665 37.8925435,-122.2566504 37.8925837)"
304,303,310,877,"LINESTRING (-122.2566504 37.8925837,-122.2567438 37.892594,-122.2569055 37.892598,-122.2570591 37.8925906,-122.2571535 37.8926009,-122.2573115 37.8926444,-122.2574388 37.8926992,-122.2575543 37.8927876,-122.2576212 37.8928754,-122.257693 37.8930118,-122.257713 37.8930796,-122.2578433 37.8936206,-122.2579021 37.8937956,-122.2579919 37.8939202,-122.2581026 37.8939997)"
303,301,320,875,"LINESTRING (-122.2581026 37.8939997,-122.2582761 37.8940959,-122.2582999 37.8941091,-122.2585524 37.8942212,-122.2586982 37.8942773,-122.2588599 37.8943402,-122.2588754 37.8943471,-122.2589986 37.8944022,-122.2591729 37.8944848,-122.2593607 37.894598,-122.2594889 37.8946922,-122.2596265 37.8948179,-122.2597456 37.8949599,-122.2600916 37.8954478,-122.2603016 37.8957576,-122.2603786 37.8958955,-122.2604309 37.8960489,-122.2604575 37.8961594,-122.2604872 37.8962828)"
301,300,330,868,"LINESTRING (-122.2604872 37.8962828,-122.2605248 37.8963834,-122.2605704 37.896468,-122.2606273 37.896535,-122.2607346 37.8966163,-122.2608512 37.8966847,-122.2609512 37.896722,-122.2610571 37.8967488)"
300,299,340,865,"LINESTRING (-122.2610571 37.8967488,-122.2611937 37.8967769,-122.261241 37.8967867,-122.2613612 37.8968206,-122.2614728 37.896868,-122.2615685 37.8969203,-122.2615843 37.896929,-122.2616843 37.8970079)"
299,90,530,859,"LINESTRING (-122.2616843 37.8970079,-122.2626622 37.8963661)"
90,162,610,266,"LINESTRING (-122.2626622 37.8963661,-122.2634726 37.8958615)"
162,161,780,477,"LINESTRING (-122.2634726 37.8958615,-122.2639425 37.8955587,-122.2643362 37.895305)"
161,160,790,474,"LINESTRING (-122.2643362 37.895305,-122.2645977 37.895132,-122.2647011 37.8950666)"
160,172,850,470,"LINESTRING (-122.2647011 37.8950666,-122.2647937 37.8950042,-122.2655943 37.8944908)"
149,96,10,432,"LINESTRING (-122.2492622 37.8911551,-122.2493906 37.8911631,-122.2495027 37.8911787,-122.2496236 37.8911977,-122.2499609 37.8912889,-122.2502089 37.8913338,-122.2504376 37.8913525,-122.2506455 37.891354,-122.2508332 37.8913382,-122.2510965 37.891273,-122.2512788 37.8912278,-122.2515553 37.8911297,-122.2517707 37.8910307,-122.2518559 37.890965)"
96,94,20,283,"LINESTRING (-122.2518559 37.890965,-122.2520654 37.8907439)"
94,311,30,280,"LINESTRING (-122.2520654 37.8907439,-122.2523106 37.8904636,-122.2523952 37.8904052)"
311,310,130,897,"LINESTRING (-122.2523952 37.8904052,-122.2525244 37.8905265,-122.2525369 37.8905345,-122.2526709 37.8906201,-122.2528146 37.8906798,-122.252998 37.8907131,-122.2532462 37.8907594,-122.2534834 37.8908219,-122.2538074 37.8909288,-122.2539385 37.8909813)"
310,308,140,895,"LINESTRING (-122.2539385 37.8909813,-122.2541534 37.89107,-122.2543173 37.891148,-122.2545333 37.8912743,-122.2548802 37.8915064)"
3,147,30,9,"LINESTRING (-122.2716589 37.9028702,-122.2716592 37.9028002,-122.2708501 37.9019922,-122.2707906 37.9019614,-122.2706819 37.9019538)"
147,394,100,427,"LINESTRING (-122.2706819 37.9019538,-122.2706574 37.9018214,-122.2706002 37.9017402,-122.2705101 37.901663,-122.2703911 37.9016067,-122.270313 37.9015929)"
394,396,150,1115,"LINESTRING (-122.270313 37.9015929,-122.2702548 37.9015933,-122.2701547 37.9015941,-122.2700743 37.9016058,-122.2698574 37.9016376,-122.2697687 37.9016311,-122.2696889 37.9016058,-122.2696198 37.9015602,-122.2695742 37.9015094,-122.269542 37.9014502,-122.2695326 37.9013877,-122.269542 37.9013306,-122.2695703 37.9012768,-122.2697552 37.9010763,-122.2697857 37.901043,-122.2700777 37.9007194,-122.27009 37.9007061,-122.2701189 37.9006749,-122.2702724 37.900511,-122.2710075 37.8999093,-122.2710592 37.8998649,-122.2711065 37.8998277)"
396,400,160,1122,"LINESTRING (-122.2711065 37.8998277,-122.2711401 37.8997424,-122.2711465 37.8996933,-122.2711396 37.899646,-122.2710877 37.8995503,-122.2709968 37.8994617,-122.2708723 37.8993451,-122.2708133 37.8992899,-122.2706826 37.8991631,-122.2704869 37.8989732,-122.2704484 37.8989359)"
400,403,170,1133,"LINESTRING (-122.2704484 37.8989359,-122.2702508 37.8987353,-122.2701431 37.8986164,-122.2700513 37.8984902,-122.2699942 37.8983775,-122.2699643 37.8982672,-122.269927 37.898035)"
403,404,210,1140,"LINESTRING (-122.269927 37.898035,-122.2699215 37.8979986,-122.2699166 37.8979662,-122.2699033 37.8978787,-122.2698658 37.8976307,-122.2698276 37.8974983,-122.2697509 37.8973635,-122.2696664 37.8972462,-122.269493 37.8970677,-122.269364 37.896899,-122.2693012 37.8967905,-122.2692556 37.8966589,-122.2692293 37.896513,-122.2692306 37.8963905,-122.2692516 37.8962389,-122.2693506 37.8959345,-122.2693909 37.895809,-122.2693954 37.8956823,-122.2693676 37.8955634,-122.2693079 37.8954613,-122.2692069 37.8953624)"
404,170,220,1143,"LINESTRING (-122.2692069 37.8953624,-122.2690948 37.8952883,-122.2690144 37.8952343,-122.2687131 37.8950316,-122.268587 37.8949266,-122.2685233 37.8948326)"
170,158,230,497,"LINESTRING (-122.2685233 37.8948326,-122.2684998 37.8947331,-122.2684967 37.8947073,-122.2685007 37.8946255,-122.2685367 37.8945087,-122.2685548 37.8943894,-122.2685502 37.8942555,-122.2685167 37.8941445,-122.2684581 37.8940357,-122.2682879 37.8937874,-122.2681206 37.8935424,-122.2679988 37.893393,-122.2679346 37.893339,-122.2678091 37.8932334,-122.2677553 37.8931931,-122.2676951 37.8931481)"
59,199,20,176,"LINESTRING (-122.2666741 37.9028346,-122.266547 37.9027607)"
199,202,30,574,"LINESTRING (-122.266547 37.9027607,-122.2655049 37.9021766)"
202,236,70,582,"LINESTRING (-122.2655049 37.9021766,-122.2657888 37.9015062)"
236,293,80,673,"LINESTRING (-122.2657888 37.9015062,-122.2659245 37.9014981,-122.2660447 37.9014735,-122.2661502 37.901419,-122.2662297 37.9013466,-122.2663804 37.9011016,-122.2664633 37.9010326)"
293,294,90,844,"LINESTRING (-122.2664633 37.9010326,-122.2663974 37.9009357,-122.2663558 37.9008744,-122.2657643 37.9000039)"
294,5,100,846,"LINESTRING (-122.2657643 37.9000039,-122.2658244 37.8999294,-122.265833 37.8998413,-122.2658244 37.8996449,-122.265833 37.8995501,-122.2658831 37.8994686,-122.2660856 37.8992295,-122.2661553 37.8990771,-122.2661795 37.8989427,-122.2661734 37.8988306,-122.2661325 37.8987046,-122.266025 37.898601,-122.2659274 37.8984867,-122.2658456 37.8984336,-122.2653437 37.8981752,-122.2652236 37.8980939,-122.2651377 37.8980126,-122.2650605 37.8979314,-122.2649918 37.8978433,-122.2649232 37.8977214)"
5,6,110,13,"LINESTRING (-122.2649232 37.8977214,-122.2648202 37.8975453,-122.2647429 37.8974437,-122.2646485 37.8973692,-122.2645455 37.8972676,-122.2644683 37.8971728,-122.2644253 37.8970644,-122.264413 37.8969833,-122.264412 37.896922,-122.2644366 37.8967357,-122.2644272 37.8966598,-122.264392 37.8965643)"
6,162,120,16,"LINESTRING (-122.264392 37.8965643,-122.264332 37.8964942,-122.2642474 37.8964275,-122.2639665 37.8962179,-122.2634726 37.8958615)"
258,261,140,737,"LINESTRING (-122.2525031 37.8826464,-122.2527062 37.8828653,-122.2527327 37.8829268,-122.2527365 37.8829804,-122.2527216 37.8831139,-122.2527422 37.8832397,-122.2528889 37.8835758,-122.2530522 37.8837615,-122.2530752 37.8837847,-122.2531478 37.8838575,-122.2532056 37.8839066)"
261,34,150,747,"LINESTRING (-122.2532056 37.8839066,-122.2532571 37.8838119,-122.2532999 37.8836602,-122.2533121 37.8835415,-122.2533121 37.8833996,-122.2533182 37.8832365,-122.253371 37.8829249,-122.2534124 37.8828242,-122.2534689 37.8827452,-122.2535587 37.8826957)"
34,256,160,103,"LINESTRING (-122.2535587 37.8826957,-122.2541165 37.8838468,-122.2543027 37.8842645,-122.2544385 37.8845136,-122.2544874 37.8845625,-122.2545628 37.8846005,-122.2548974 37.8845218)"
256,127,260,732,"LINESTRING (-122.2548974 37.8845218,-122.2555249 37.8843922,-122.2557051 37.8843584)"
127,263,270,371,"LINESTRING (-122.2557051 37.8843584,-122.2558253 37.8843313,-122.2560989 37.8842346)"
263,128,280,753,"LINESTRING (-122.2560989 37.8842346,-122.2566217 37.8840733,-122.2567331 37.8840243,-122.2568142 37.8839793,-122.2570549 37.8837338,-122.2571588 37.8836799,-122.2572746 37.8836541,-122.2574987 37.8836097,-122.2576404 37.8835818,-122.257789 37.8835415,-122.2579134 37.8834826,-122.2580273 37.8834079,-122.2581403 37.8832995,-122.258239 37.8831622,-122.2582846 37.8830199,-122.2583103 37.8828881,-122.2583117 37.8827774,-122.2582951 37.8826343,-122.2582574 37.8824995,-122.2581685 37.8823082,-122.2581089 37.882137,-122.258061 37.8820432,-122.2580522 37.8819744,-122.2580857 37.8818578)"
128,129,340,373,"LINESTRING (-122.2580857 37.8818578,-122.2583061 37.881359,-122.2583405 37.8812303,-122.2583343 37.8811391,-122.25829 37.8810563,-122.2582203 37.880939,-122.2581688 37.8808238,-122.2580795 37.8805436)"
129,64,350,377,"LINESTRING (-122.2580795 37.8805436,-122.2580367 37.88046,-122.25798 37.880397,-122.2578756 37.8803022,-122.2578352 37.880255,-122.2578093 37.880191,-122.2577772 37.8800287)"
64,130,350,188,"LINESTRING (-122.2577772 37.8800287,-122.2577473 37.8798779)"
130,62,350,380,"LINESTRING (-122.2577473 37.8798779,-122.2578169 37.8798729,-122.2579358 37.8798643)"
62,254,350,184,"LINESTRING (-122.2579358 37.8798643,-122.2581083 37.879852,-122.2588328 37.8797558)"
254,319,350,723,"LINESTRING (-122.2588328 37.8797558,-122.2589329 37.8797428,-122.2609901 37.8794754,-122.2610676 37.8794656)"
319,243,430,925,"LINESTRING (-122.2610676 37.8794656,-122.2611601 37.8794534,-122.2621912 37.8793177)"
243,309,430,694,"LINESTRING (-122.2621912 37.8793177,-122.2628439 37.879235,-122.2630602 37.8792068)"
309,307,430,891,"LINESTRING (-122.2630602 37.8792068,-122.2634978 37.8791497)"
307,253,430,886,"LINESTRING (-122.2634978 37.8791497,-122.2644653 37.8790266)"
253,289,430,721,"LINESTRING (-122.2644653 37.8790266,-122.264545 37.8790161,-122.2646242 37.8790056)"
289,417,430,834,"LINESTRING (-122.2646242 37.8790056,-122.2656664 37.8788682,-122.2657437 37.8788584)"
417,77,430,1183,"LINESTRING (-122.2657437 37.8788584,-122.2658264 37.8788472,-122.2663696 37.8787735,-122.2667895 37.878721,-122.2668745 37.8787099)"
77,278,430,229,"LINESTRING (-122.2668745 37.8787099,-122.2668671 37.87864,-122.266866 37.87863,-122.2668455 37.8784505,-122.2668436 37.8784335,-122.2667172 37.8773233,-122.2667047 37.8772131,-122.2666751 37.8769532,-122.2666677 37.8768836)"
278,351,430,799,"LINESTRING (-122.2666677 37.8768836,-122.2666604 37.8768181,-122.2666546 37.8767662,-122.2666175 37.8764343,-122.2665716 37.8760232,-122.2665233 37.8755815,-122.2664627 37.8750666,-122.2663907 37.8745941,-122.2663711 37.8744952,-122.2663233 37.8742547,-122.2662911 37.8741498)"
351,427,430,1227,"LINESTRING (-122.26629109999999 37.8741498, -122.27806 37.87086)"
86,302,10,255,"LINESTRING (-122.2625075 37.8898655,-122.2625168 37.8899072,-122.2625191 37.8899175,-122.2625505 37.8899953,-122.2626222 37.8900995,-122.2627767 37.8902553,-122.2629827 37.8904044,-122.263245 37.8905255)"
399,387,20,1130,"LINESTRING (-122.2506226 37.8919043,-122.2507667 37.8918988,-122.2509998 37.8918606)"
387,330,50,1098,"LINESTRING (-122.2509998 37.8918606,-122.2513085 37.8917786,-122.2515601 37.8917009,-122.2516626 37.8916617,-122.251765 37.8916179,-122.2519007 37.8915565,-122.2519355 37.8915474,-122.2520545 37.8915298)"
330,328,60,949,"LINESTRING (-122.2520545 37.8915298,-122.2521716 37.891523,-122.2522051 37.8915219,-122.2522791 37.8915196,-122.2524974 37.8915478,-122.2527099 37.8916023,-122.2530233 37.8917292,-122.2536415 37.8920945,-122.2539359 37.89224,-122.2540047 37.892271)"
401,387,20,1135,"LINESTRING (-122.2510513 37.89203,-122.2509998 37.8918606)"
402,399,10,1137,"LINESTRING (-122.2507513 37.8920914,-122.2506829 37.8919911,-122.2506226 37.8919043)"
287,290,10,826,"LINESTRING (-122.2456725 37.8832166,-122.2457932 37.8831882,-122.2459186 37.8831535,-122.2460315 37.88313,-122.2461949 37.883096)"
290,323,30,836,"LINESTRING (-122.2461949 37.883096,-122.2464896 37.8831558,-122.2466638 37.8831919,-122.2468444 37.8832215,-122.2469706 37.8832147,-122.2470842 37.8831732,-122.2471624 37.8831223,-122.2472322 37.8830599,-122.2472738 37.8829771,-122.2472961 37.8829033,-122.2472892 37.882801,-122.2472591 37.8826144,-122.2472591 37.8825195,-122.2472902 37.8824358,-122.2473621 37.8823637,-122.2474393 37.8823231,-122.2477015 37.88225,-122.2478336 37.8822296,-122.2479497 37.8822253)"
323,322,40,934,"LINESTRING (-122.2479497 37.8822253,-122.2480458 37.8822395,-122.248147 37.8822625,-122.2482625 37.8823044)"
322,320,50,932,"LINESTRING (-122.2482625 37.8823044,-122.2484092 37.8823794,-122.2485295 37.8824535,-122.2486153 37.8825145,-122.2487012 37.8825958,-122.248787 37.8827042,-122.2488385 37.8828465,-122.2488568 37.8829445)"
320,279,60,927,"LINESTRING (-122.2488568 37.8829445,-122.2489394 37.8829353,-122.2489631 37.8829214,-122.2489813 37.8828992,-122.2491815 37.8825575,-122.2492923 37.8824227,-122.2493946 37.8823454,-122.2494966 37.882299,-122.2496121 37.8822956,-122.2497205 37.8823054,-122.2498213 37.8823656,-122.2498826 37.8824478,-122.2499518 37.8826618,-122.2500237 37.8827457,-122.2501539 37.8828331,-122.2502724 37.8828802,-122.2503228 37.8828944,-122.2503548 37.8829116,-122.2503777 37.8829333)"
279,126,70,803,"LINESTRING (-122.2503777 37.8829333,-122.2503897 37.8829592,-122.2503858 37.8829882,-122.2503457 37.8830737,-122.2502689 37.8832071,-122.2502284 37.8833097,-122.2502204 37.8833831,-122.250207 37.8834984,-122.2502057 37.883567)"
126,151,90,369,"LINESTRING (-122.2502057 37.883567,-122.2503759 37.8835319,-122.2504794 37.8835461,-122.2506611 37.8835975,-122.2507515 37.8836104,-122.2508721 37.8836059,-122.251006 37.8835837,-122.2514916 37.8835441,-122.2516017 37.8835353)"
151,60,100,438,"LINESTRING (-122.2516017 37.8835353,-122.251707 37.8835079,-122.2517163 37.8835021,-122.2518063 37.8834466,-122.2518806 37.8833621,-122.2519368 37.8832073)"
60,258,130,179,"LINESTRING (-122.2519368 37.8832073,-122.2520983 37.8828773,-122.2521927 37.8827796,-122.2522641 37.882738,-122.2523072 37.8827129,-122.2525031 37.8826464)"
398,290,10,1127,"LINESTRING (-122.2458334 37.8830036,-122.2461949 37.883096)"
297,146,10,854,"LINESTRING (-122.2662841 37.9036232,-122.2658389 37.9034699)"
146,27,20,425,"LINESTRING (-122.2658389 37.9034699,-122.2657278 37.9033942,-122.2653668 37.9030665,-122.2652379 37.9029777,-122.2650765 37.9028823,-122.2649334 37.9028246,-122.2647702 37.9027684)"
27,202,30,84,"LINESTRING (-122.2647702 37.9027684,-122.2649001 37.9027153,-122.2650328 37.9026454,-122.2651884 37.9025798,-122.2653252 37.9024677,-122.2653976 37.9023576,-122.2655049 37.9021766)"
389,73,10,1104,"LINESTRING (-122.2728168 37.9030289,-122.2728531 37.9029489,-122.2728392 37.9028578,-122.2728115 37.9027982,-122.2727794 37.902751,-122.2726925 37.9026593,-122.2723458 37.9023743,-122.2719867 37.9020308,-122.2713093 37.9012441,-122.27123 37.9012009)"
73,394,40,215,"LINESTRING (-122.27123 37.9012009,-122.2708071 37.9013375,-122.2706707 37.9013821,-122.2704246 37.9014627,-122.2703444 37.9014964,-122.2703339 37.9015096,-122.270313 37.9015929)"
22,116,80,68,"LINESTRING (-122.2700089 37.8898571,-122.2701217 37.8899049,-122.2703169 37.8899691,-122.2705531 37.8900213,-122.2707251 37.8900389,-122.2708731 37.8900414,-122.2711123 37.8900246,-122.2713251 37.8900178,-122.2714933 37.8900311,-122.2719587 37.8900884)"
116,364,80,340,"LINESTRING (-122.2719587 37.8900884,-122.2720784 37.8901057,-122.2722161 37.8901183)"
364,368,80,1034,"LINESTRING (-122.2722161 37.8901183,-122.2722115 37.890148,-122.2722149 37.8901779,-122.2722261 37.8902065,-122.2722446 37.8902326)"
82,412,20,245,"LINESTRING (-122.2657224 37.8881203,-122.2657582 37.8885557,-122.2657865 37.8886325,-122.2658497 37.888703,-122.2659434 37.8887615,-122.2660401 37.8887917,-122.2661252 37.8888012,-122.2666444 37.8887869,-122.2667193 37.8887848)"
412,371,30,1164,"LINESTRING (-122.2667193 37.8887848,-122.266748 37.8885959,-122.266781 37.888443,-122.2667995 37.8883573,-122.2668038 37.8883373,-122.266821 37.8882577)"
371,369,40,1052,"LINESTRING (-122.266821 37.8882577,-122.2669487 37.888286,-122.2669643 37.8882894,-122.2670816 37.8883617,-122.2674625 37.8886229,-122.2677038 37.8887894)"
369,367,50,1048,"LINESTRING (-122.2677038 37.8887894,-122.2677934 37.8888343,-122.2681969 37.8890365,-122.2686661 37.8892485,-122.2691098 37.8894513,-122.2691795 37.8894831)"
367,22,70,1040,"LINESTRING (-122.2691795 37.8894831,-122.2700089 37.8898571)"
152,153,20,440,"LINESTRING (-122.254901 37.8904432,-122.2548552 37.8905011,-122.2548466 37.8905688,-122.2548895 37.8906365,-122.2550097 37.8907314,-122.2550398 37.8907798,-122.2550698 37.8909684,-122.2551041 37.8910633,-122.2552415 37.8912394,-122.2552936 37.8913183,-122.2553138 37.8914073,-122.2553022 37.8914803,-122.2552647 37.8915384,-122.2551016 37.8916685)"
247,139,50,705,"LINESTRING (-122.2604386 37.8819026,-122.2604319 37.8818413,-122.260431 37.8818332,-122.2603538 37.8810813,-122.2603387 37.880855)"
139,138,80,405,"LINESTRING (-122.2603387 37.880855,-122.2605885 37.8807861,-122.2607424 37.8807405,-122.2609747 37.8806042,-122.2611419 37.8805265,-122.2612901 37.8804798,-122.2614077 37.8804599,-122.2614318 37.8804571,-122.2614929 37.8804498)"
138,272,80,400,"LINESTRING (-122.2614929 37.8804498,-122.2614284 37.8801545,-122.2614001 37.8800076)"
272,319,80,780,"LINESTRING (-122.2614001 37.8800076,-122.2613532 37.8798425,-122.2613058 37.8797599,-122.2612704 37.879719,-122.2611614 37.8796008,-122.2611007 37.879525,-122.2610676 37.8794656)"
291,292,10,839,"LINESTRING (-122.2695633 37.9035189,-122.2695032 37.9034709,-122.268713 37.9030385,-122.2674018 37.9023089,-122.2673272 37.9022553,-122.2672675 37.9022013,-122.2672273 37.9021333,-122.2672008 37.9020523,-122.2671222 37.9019036)"
292,226,20,840,"LINESTRING (-122.2671222 37.9019036,-122.2672672 37.9018735,-122.2672947 37.9018685,-122.267408 37.9018477,-122.2675505 37.9018068,-122.2675778 37.9017945,-122.2676417 37.9017655,-122.2677388 37.9017027,-122.267811 37.9016331,-122.26787 37.9015484,-122.2679026 37.9014632,-122.2679264 37.9013791,-122.2679287 37.9012858,-122.2678953 37.9011702,-122.2678163 37.9010566,-122.2677043 37.9009485,-122.2675699 37.9008188)"
226,117,30,645,"LINESTRING (-122.2675699 37.9008188,-122.2674353 37.9006292,-122.2674228 37.9006116,-122.2673288 37.9004309,-122.2672772 37.9002999,-122.2672406 37.9001489,-122.2672192 37.8999971,-122.2672048 37.8998198,-122.2671982 37.8995301,-122.2671962 37.8993839,-122.2671965 37.898824,-122.2671874 37.8987204,-122.267174 37.898622,-122.2671496 37.8985251,-122.2671246 37.8984638,-122.2670073 37.8981584,-122.2669743 37.8980478,-122.2669602 37.8979443,-122.2669551 37.8977549,-122.2669397 37.8976466,-122.2669166 37.8975559,-122.2668641 37.8974812,-122.2667883 37.8974174)"
117,119,40,342,"LINESTRING (-122.2667883 37.8974174,-122.2666847 37.8973589,-122.266596 37.8973163,-122.2665606 37.8973058,-122.2664147 37.8972626)"
119,160,50,348,"LINESTRING (-122.2664147 37.8972626,-122.2662048 37.897215,-122.2658937 37.8971414,-122.2657735 37.8970853,-122.2656758 37.8969976,-122.2656172 37.8968974,-122.2656109 37.8967858,-122.2656409 37.8966625,-122.2658044 37.8963228,-122.2658349 37.8962594,-122.2658874 37.8961149,-122.2658969 37.8960455,-122.2659077 37.8959662,-122.2658917 37.8957999,-122.2658519 37.8956663,-122.2657876 37.8955542,-122.2656899 37.8954261,-122.2655352 37.8952934,-122.2653366 37.8951878,-122.2651504 37.895123,-122.2649275 37.8950906,-122.2648143 37.8950786,-122.2647011 37.8950666)"
296,90,10,851,"LINESTRING (-122.2649832 37.8992047,-122.2649918 37.8991505,-122.2649661 37.8990692,-122.2648802 37.8989676,-122.2645376 37.8987077,-122.2644091 37.898576,-122.2643244 37.8984389,-122.2642596 37.8982505,-122.2642074 37.898157,-122.2640474 37.8979666,-122.2639007 37.8978609,-122.263715 37.8977629,-122.2634122 37.8976575,-122.263319 37.8975935,-122.2632429 37.8974989,-122.263218 37.897409,-122.2632169 37.8972873,-122.2632812 37.8970642,-122.2632858 37.896934,-122.2632655 37.8968234,-122.2631938 37.8966938,-122.2630795 37.8965647,-122.2629254 37.8964626,-122.2626622 37.8963661)"
298,299,100,857,"LINESTRING (-122.26217 37.8981005,-122.2620945 37.8980316,-122.2620899 37.8980248,-122.2619882 37.8978751,-122.2619186 37.8977132,-122.2619028 37.89759,-122.2619019 37.8974234,-122.2618759 37.8972983,-122.2618115 37.8971596,-122.2617646 37.8970983,-122.2616843 37.8970079)"
312,311,90,900,"LINESTRING (-122.2522452 37.8899593,-122.2523019 37.8902035,-122.2523432 37.8903202,-122.2523952 37.8904052)"
314,312,80,908,"LINESTRING (-122.2513379 37.8870894,-122.2514006 37.8871633,-122.2514975 37.8872776,-122.2515928 37.8874411,-122.2516687 37.8876219,-122.2517307 37.8878337,-122.2517618 37.8880166,-122.2518333 37.8885828,-122.2518427 37.8887081,-122.2518451 37.8888249,-122.2518334 37.8889501,-122.2518257 37.8890504,-122.251847 37.8891602,-122.2518926 37.8892511,-122.2520296 37.889467,-122.2521045 37.889605,-122.2521388 37.8896838,-122.252183 37.8897853,-122.2522452 37.8899593)"
317,314,40,918,"LINESTRING (-122.2492721 37.8858227,-122.2493706 37.8858542,-122.2499114 37.8860032,-122.2500573 37.8860506,-122.2501946 37.8861116,-122.2503234 37.8861861,-122.2504607 37.8862674,-122.2506066 37.8863826,-122.2507868 37.8865519,-122.2510141 37.8867743,-122.2510555 37.8868148,-122.251126 37.8868834,-122.2513379 37.8870894)"
318,317,10,920,"LINESTRING (-122.248611 37.8850002,-122.2486497 37.8850819,-122.248684 37.8851903,-122.2487441 37.8853868,-122.2488213 37.8855019,-122.2489758 37.885651,-122.2491046 37.885739,-122.2491814 37.8857815,-122.2491987 37.8857911,-122.2492157 37.8858004,-122.249252 37.8858148,-122.2492721 37.8858227)"
350,251,30,1000,"LINESTRING (-122.269524 37.9043312,-122.2696594 37.9043847,-122.269694 37.9043994,-122.2697485 37.9044206,-122.2698478 37.9044438)"
251,393,40,715,"LINESTRING (-122.2698478 37.9044438,-122.2699819 37.9044481,-122.2700744 37.9044375,-122.2701629 37.9044168,-122.2702709 37.9043692,-122.2703129 37.9043388,-122.2703548 37.9043084,-122.2704184 37.9042301,-122.270456 37.9041354,-122.2705547 37.9031155,-122.2705656 37.9030386)"
393,147,60,1112,"LINESTRING (-122.2705656 37.9030386,-122.2706321 37.9023908,-122.2706589 37.9021299,-122.2706615 37.9021049,-122.2706819 37.9019538)"
388,52,40,1099,"LINESTRING (-122.2716757 37.896505,-122.2714987 37.8964944,-122.2714021 37.8964637,-122.2712345 37.8964033,-122.2711862 37.896397,-122.2709585 37.8964192,-122.2708953 37.896407,-122.2708511 37.8963663,-122.2707802 37.8962134,-122.2707342 37.8961842,-122.2706774 37.8961723)"
52,282,130,158,"LINESTRING (-122.2706774 37.8961723,-122.2707302 37.8960896,-122.2708295 37.8958852,-122.2708635 37.8957435,-122.270872 37.8956188,-122.2708486 37.8954915,-122.2708077 37.8953785,-122.2707621 37.8952951,-122.2707062 37.8952299,-122.2706056 37.8951503,-122.2704916 37.8950964,-122.2704008 37.8950699,-122.2702586 37.8950083,-122.2701117 37.8949064,-122.2700183 37.8947944,-122.2696522 37.8941467,-122.2693797 37.8937263,-122.268741 37.8928574)"
282,157,150,812,"LINESTRING (-122.268741 37.8928574,-122.2686013 37.892725,-122.2685438 37.8926838,-122.2684931 37.8926475)"
91,90,60,270,"LINESTRING (-122.2617906 37.8958442,-122.2619581 37.8960039,-122.2620932 37.8961042,-122.262253 37.8961985,-122.2624617 37.8962977,-122.2626622 37.8963661)"
92,91,50,273,"LINESTRING (-122.261394 37.8950758,-122.26148 37.8953726,-122.2615696 37.8955506,-122.2616596 37.8956913,-122.2617906 37.8958442)"
93,92,40,276,"LINESTRING (-122.2608337 37.894156,-122.2609681 37.8942142,-122.2611211 37.8942975,-122.2612341 37.8943863,-122.2613102 37.8944841,-122.2613604 37.8945905,-122.2613872 37.8946912,-122.2613967 37.8948317,-122.261394 37.8950758)"
95,262,10,282,"LINESTRING (-122.260525 37.8926197,-122.2608604 37.8924548,-122.260979 37.8924385,-122.2610749 37.8924482,-122.2611498 37.892487,-122.2612166 37.8925705,-122.2612253 37.8926515,-122.261203 37.8927392,-122.2611599 37.8928664,-122.2611453 37.8929835,-122.2611702 37.8931016,-122.2611991 37.8931716,-122.2613017 37.8933258,-122.2613453 37.8933794,-122.2614197 37.8934446,-122.2614998 37.8934898,-122.261573 37.8935185,-122.2616748 37.8935399,-122.2617997 37.8935473,-122.2620288 37.8935421,-122.2621724 37.8935485,-122.2622815 37.8935675,-122.2623811 37.8936101)"
262,10,20,752,"LINESTRING (-122.2623811 37.8936101,-122.262484 37.8936802,-122.2625363 37.8937424,-122.2625644 37.8937978,-122.2625807 37.8938599,-122.2626004 37.8939047,-122.2626699 37.8939839)"
10,20,30,31,"LINESTRING (-122.2626699 37.8939839,-122.2626214 37.8942463,-122.2626134 37.8944103,-122.2626214 37.8945982,-122.2626497 37.8947724,-122.2627099 37.8949657,-122.2627768 37.8951122,-122.2629578 37.8954186)"
20,162,40,62,"LINESTRING (-122.2629578 37.8954186,-122.2630476 37.8955208,-122.2631342 37.8955934,-122.2632515 37.8956927,-122.2634726 37.8958615)"
99,397,20,293,"LINESTRING (-122.2584419 37.8896549,-122.2585479 37.8896778,-122.2586389 37.8897361,-122.2586761 37.8897874,-122.2586933 37.8898832,-122.2586693 37.8899695,-122.2585867 37.8900904,-122.258325 37.8903792,-122.2582369 37.890473,-122.2582083 37.8905356,-122.2582073 37.8905997,-122.2582471 37.8906486,-122.2583455 37.8906913,-122.2585085 37.8907085)"
105,109,10,308,"LINESTRING (-122.2553013 37.8881057,-122.2552401 37.8881336,-122.2551605 37.8881367,-122.2550668 37.8881291,-122.2550012 37.8881068,-122.2549442 37.8880664,-122.2548985 37.8880139,-122.2547998 37.887868,-122.2547249 37.8878007,-122.2546741 37.8877708,-122.2546181 37.8877573,-122.2545391 37.8877522)"
109,88,30,322,"LINESTRING (-122.2545391 37.8877522,-122.2545367 37.8876784,-122.25464 37.8874501,-122.2547586 37.8872298,-122.2548249 37.8871166,-122.2548552 37.88705,-122.254881 37.8869245,-122.2548895 37.8867723)"
88,386,80,261,"LINESTRING (-122.2548895 37.8867723,-122.2548892 37.8867125,-122.2548828 37.8861385,-122.2548552 37.8859897,-122.2548037 37.8858948,-122.2547265 37.8858271,-122.2546063 37.8857526,-122.2545741 37.8857233,-122.2544947 37.885651,-122.2544269 37.8855499)"
386,256,90,1093,"LINESTRING (-122.2544269 37.8855499,-122.2550097 37.8852611,-122.2551428 37.8852013,-122.2551896 37.8851791,-122.2552669 37.88514,-122.2553243 37.8851029,-122.2553721 37.8850462,-122.255397 37.8849805,-122.2554023 37.8849052,-122.2553727 37.8848336,-122.2553087 37.8847667,-122.2552165 37.8847307,-122.2550764 37.8847066,-122.254993 37.884678,-122.2549345 37.8846287,-122.2548974 37.8845218)"
121,122,10,354,"LINESTRING (-122.2557954 37.896015,-122.2558754 37.8960504,-122.2559504 37.8960952,-122.256058 37.8961909,-122.2561412 37.8963068,-122.2563445 37.8968694,-122.2563753 37.8970162,-122.2563997 37.8971602)"
122,123,20,355,"LINESTRING (-122.2563997 37.8971602,-122.2563994 37.8974895,-122.2564464 37.8978003,-122.2564429 37.8978748,-122.256433 37.8979391,-122.2564224 37.8979839,-122.2563815 37.8980406,-122.2562871 37.8981219,-122.2561412 37.8982438,-122.2561063 37.8982994,-122.2560871 37.8983499,-122.2560897 37.8984028,-122.2561068 37.8984673,-122.2563082 37.8988087,-122.2564693 37.8992578,-122.2565631 37.8994648,-122.2566751 37.8996662,-122.2567348 37.8997235,-122.2568546 37.8997608,-122.2569932 37.8997638,-122.257091 37.8997468,-122.2572055 37.8997068,-122.2574594 37.8995694,-122.2577768 37.8993852,-122.2581255 37.8991136,-122.2582307 37.8990699,-122.2583102 37.8990436,-122.2583864 37.8990208,-122.2584644 37.8990112)"
123,29,40,358,"LINESTRING (-122.2584644 37.8990112,-122.2585246 37.8990071,-122.2585706 37.8990107,-122.2586096 37.8990198,-122.2586611 37.8990385,-122.2587003 37.8990599,-122.2587591 37.8991098,-122.259363 37.8997172,-122.2595782 37.8998554,-122.2597737 37.8999269,-122.2598665 37.8999327,-122.259963 37.8999267,-122.2601609 37.8998733,-122.2603932 37.8997623,-122.2605459 37.8996912,-122.2606863 37.899656)"
29,248,50,87,"LINESTRING (-122.2606863 37.899656,-122.2610052 37.8993237)"
248,207,60,707,"LINESTRING (-122.2610052 37.8993237,-122.2615581 37.8988289)"
207,238,80,596,"LINESTRING (-122.2615581 37.8988289,-122.2619134 37.8985696,-122.2619659 37.8985164)"
238,298,90,679,"LINESTRING (-122.2619659 37.8985164,-122.262008 37.8984456,-122.2620382 37.898388,-122.2620683 37.898226,-122.262104 37.898164,-122.26217 37.8981005)"
133,252,10,389,"LINESTRING (-122.2687363 37.9040189,-122.2691565 37.9041882,-122.2693673 37.9042808)"
252,350,20,717,"LINESTRING (-122.2693673 37.9042808,-122.2694312 37.9043015,-122.269524 37.9043312)"
381,84,20,1083,"LINESTRING (-122.2538815 37.8942736,-122.2539345 37.8942198)"
382,381,10,1085,"LINESTRING (-122.2534216 37.893211,-122.2534382 37.8932457,-122.2535135 37.8934031,-122.2535912 37.8936127,-122.2537093 37.8939831,-122.2537844 37.8941757,-122.2538815 37.8942736)"
384,401,10,1090,"LINESTRING (-122.252864 37.8925027,-122.2526786 37.8923576,-122.2524964 37.8922844,-122.2523618 37.8922492,-122.2522186 37.8922353,-122.2520466 37.8922659,-122.2515684 37.8923516,-122.2514756 37.8923445,-122.2513772 37.8923159,-122.2513062 37.8922848,-122.2511604 37.8921655,-122.2510513 37.89203)"
239,299,80,682,"LINESTRING (-122.260786 37.8975827,-122.2616843 37.8970079)"
240,239,70,684,"LINESTRING (-122.2603312 37.8972608,-122.260786 37.8975827)"
241,240,60,688,"LINESTRING (-122.2578037 37.8942371,-122.2585578 37.8952931,-122.2586232 37.8953847,-122.2586873 37.8954638,-122.2587605 37.895554,-122.2588978 37.8956827,-122.2589398 37.8957165,-122.2593184 37.8960214,-122.2594729 37.8961771,-122.2595607 37.8963091,-122.2596226 37.8964451,-122.2596789 37.8966309,-122.259739 37.89678,-122.2598082 37.8968983,-122.2599297 37.8970099,-122.2603312 37.8972608)"
188,33,30,543,"LINESTRING (-122.2536639 37.8815685,-122.2538043 37.8816279,-122.253904 37.8817332,-122.2541788 37.882228,-122.2542899 37.8823724,-122.2544828 37.8825814,-122.2545214 37.8827071,-122.2545097 37.882816,-122.2544189 37.8829491,-122.2542719 37.8830377)"
33,32,40,99,"LINESTRING (-122.2542719 37.8830377,-122.254589 37.8836356,-122.2546094 37.8836566,-122.2546469 37.8836754,-122.254716 37.8836898,-122.2548202 37.883676,-122.255154 37.8834168,-122.255254 37.8833689)"
32,128,50,97,"LINESTRING (-122.255254 37.8833689,-122.2552701 37.8835623,-122.2552899 37.8836635,-122.2553164 37.883725,-122.2553706 37.8837921,-122.255416 37.8838084,-122.2554646 37.8838073,-122.2555407 37.8837816,-122.2557119 37.8836418,-122.2558517 37.8835435,-122.2563366 37.8832874,-122.2564518 37.8832266,-122.256574 37.8831745,-122.256882 37.8830871,-122.2569615 37.8830384,-122.2569996 37.8829715,-122.2569987 37.8828988,-122.2569606 37.8828235,-122.2568628 37.8827616,-122.2566444 37.882657,-122.256523 37.8825799,-122.256407 37.8824801,-122.256339 37.8823601,-122.256304 37.8822138,-122.2563093 37.8818532,-122.2562834 37.8816721,-122.2562474 37.88142,-122.256199 37.8811565,-122.2562228 37.8810632,-122.2562781 37.8809601,-122.2563882 37.8808859,-122.2564634 37.8808828,-122.2565509 37.8809125,-122.2566134 37.8809802,-122.2568281 37.8813034,-122.2569094 37.8814027,-122.2570327 37.8814791,-122.2571357 37.8815201,-122.257248 37.8815461,-122.2574289 37.8815742,-122.2575632 37.8816001,-122.2576761 37.8816413,-122.2578553 37.8817373,-122.2579646 37.8817904,-122.2580857 37.8818578)"
25,270,20,76,"LINESTRING (-122.2561282 37.8945584,-122.2566781 37.8954272)"
270,221,30,775,"LINESTRING (-122.2566781 37.8954272,-122.257345 37.8951441)"
221,380,40,629,"LINESTRING (-122.257345 37.8951441,-122.2569762 37.8945948)"
380,241,50,1081,"LINESTRING (-122.2569762 37.8945948,-122.2573701 37.8944229,-122.2578037 37.8942371)"
26,25,10,79,"LINESTRING (-122.2554739 37.8947989,-122.2556072 37.8947858,-122.2561282 37.8945584)"
169,48,10,495,"LINESTRING (-122.2620772 37.8918078,-122.2623139 37.8918821,-122.2624674 37.8918965,-122.2626088 37.8918668,-122.2627269 37.8918114,-122.2628428 37.8916936,-122.2630954 37.8913307,-122.2632405 37.8911454,-122.263351 37.8910648,-122.2634417 37.8910073,-122.2637149 37.8908749,-122.2637857 37.8908395,-122.2638967 37.8907606)"
171,159,40,501,"LINESTRING (-122.2665559 37.8947903,-122.2664097 37.89473,-122.2662783 37.8946019,-122.2662072 37.8944961,-122.2661549 37.8943564,-122.2661496 37.8942548,-122.2661777 37.8941214)"
264,93,30,756,"LINESTRING (-122.2584278 37.8927153,-122.2586048 37.8927721,-122.2588758 37.8928376,-122.2591255 37.8929186,-122.2592403 37.8929779,-122.2593333 37.8930589,-122.2594206 37.8932069,-122.2594583 37.8933399,-122.259483 37.8933965,-122.2595484 37.8934729,-122.2596852 37.8935538,-122.2598035 37.8936388,-122.2598916 37.8937236,-122.259955 37.893816,-122.2599898 37.8938918,-122.2600201 37.8939766,-122.2600586 37.8940523,-122.2601036 37.8941097,-122.2601688 37.8941599,-122.2602617 37.8942031,-122.2603733 37.8942272,-122.2604904 37.8942237,-122.2606467 37.8942024,-122.2608337 37.894156)"
266,264,20,762,"LINESTRING (-122.2559195 37.8910836,-122.2559453 37.891131,-122.2559882 37.8912529,-122.256085 37.8913998,-122.2561649 37.8914967,-122.2566455 37.8919499,-122.2567583 37.8920298,-122.2568778 37.8920793,-122.2569538 37.8920938,-122.2570033 37.8920944,-122.2571067 37.8920709,-122.2575964 37.8919107,-122.2576803 37.891907,-122.2577584 37.8919448,-122.25782 37.8920152,-122.2579894 37.8923058,-122.2581072 37.8924715,-122.2582195 37.8925696,-122.2584278 37.8927153)"
269,152,10,771,"LINESTRING (-122.2532421 37.8897425,-122.2532808 37.8897748,-122.2533142 37.8897787,-122.2534488 37.8899223,-122.2535532 37.8899765,-122.2537506 37.8900329,-122.2540262 37.8900806,-122.2542006 37.8901295,-122.2543278 37.8901758,-122.2545997 37.8902882,-122.254779 37.8903754,-122.254901 37.8904432)"
227,181,10,647,"LINESTRING (-122.2493873 37.8873305,-122.249635 37.8872168,-122.2499512 37.8870497)"
181,317,20,524,"LINESTRING (-122.2499512 37.8870497,-122.2499378 37.8869953,-122.249916 37.8868889,-122.2498591 37.8867777,-122.2495509 37.8863961,-122.2492539 37.8859191,-122.2492555 37.8858763,-122.2492721 37.8858227)"
198,59,10,571,"LINESTRING (-122.2674669 37.903256,-122.2666741 37.9028346)"
204,207,10,590,"LINESTRING (-122.2620321 37.8995899,-122.2620277 37.8994047,-122.2620296 37.8992944,-122.2619535 37.8991662,-122.2615581 37.8988289)"
87,88,10,256,"LINESTRING (-122.2558768 37.886275,-122.2555911 37.8863273,-122.2554419 37.8863801,-122.2553401 37.886437,-122.2549856 37.8867171,-122.2548895 37.8867723)"
89,88,30,262,"LINESTRING (-122.2538588 37.8866577,-122.2544054 37.8867638,-122.2546025 37.8867795,-122.2547848 37.886777,-122.2548895 37.8867723)"
111,112,40,326,"LINESTRING (-122.2739567 37.9007628,-122.2732363 37.9002151)"
112,377,50,329,"LINESTRING (-122.2732363 37.9002151,-122.2738369 37.899733)"
377,378,60,1072,"LINESTRING (-122.2738369 37.899733,-122.2725016 37.8987536)"
378,379,70,1076,"LINESTRING (-122.2725016 37.8987536,-122.2724221 37.898676,-122.272355 37.8985815,-122.2722487 37.8984104,-122.2718866 37.8978202,-122.2718085 37.8977206)"
379,52,80,1078,"LINESTRING (-122.2718085 37.8977206,-122.2716807 37.8976619,-122.2709115 37.8972977,-122.2708525 37.8972542,-122.2708214 37.8972076,-122.2707868 37.8971003,-122.2707298 37.8969585,-122.2706876 37.8968799,-122.2705717 37.8966805,-122.2705448 37.8965856,-122.2705365 37.8965002,-122.270548 37.8964163,-122.270592 37.8962973,-122.2706774 37.8961723)"
283,282,10,817,"LINESTRING (-122.2705827 37.8931743,-122.2688985 37.8928652,-122.2688102 37.8928576,-122.268741 37.8928574)"
284,285,20,820,"LINESTRING (-122.2720976 37.8934553,-122.2723254 37.8934982,-122.2723971 37.8935082,-122.272481 37.8935029,-122.2725506 37.893472,-122.2726034 37.893423,-122.2726348 37.8933636,-122.2726759 37.8931474,-122.2727004 37.8930264,-122.2727403 37.8928145)"
285,286,30,822,"LINESTRING (-122.2727403 37.8928145,-122.2727851 37.8925941,-122.272791 37.8925167,-122.2727923 37.8924928,-122.2727951 37.892443)"
286,288,40,825,"LINESTRING (-122.2727951 37.892443,-122.2727441 37.8923882,-122.2726969 37.8923044,-122.2726677 37.8922537,-122.2726032 37.8921418,-122.2725225 37.8920006,-122.2724215 37.8918771,-122.2723981 37.8918485)"
288,83,50,829,"LINESTRING (-122.2723981 37.8918485,-122.2723834 37.8918318,-122.2722877 37.891723,-122.2721556 37.891535,-122.2721207 37.8914149,-122.2721039 37.8913278,-122.2720956 37.8912352,-122.272111 37.8910702,-122.2721343 37.8909567,-122.2721686 37.8908493,-122.2721975 37.8907513,-122.2722054 37.8907328,-122.2722501 37.8906278)"
83,244,50,248,"LINESTRING (-122.2722501 37.8906278,-122.27226 37.8905269,-122.2722914 37.8903968,-122.2723012 37.8903637,-122.2723257 37.8902828)"
218,99,10,620,"LINESTRING (-122.2567182 37.8906201,-122.2567731 37.8904817,-122.2568324 37.8904071,-122.2569608 37.8903192,-122.2571561 37.890242,-122.2573824 37.890191,-122.2575259 37.8901829,-122.2576426 37.8901928,-122.257897 37.8902418,-122.2579663 37.8902401,-122.2580212 37.8902159,-122.258107 37.8901274,-122.2581665 37.890063,-122.2582986 37.8899605,-122.2583426 37.8899049,-122.2583857 37.8898147,-122.2584419 37.8896549)"
38,49,20,113,"LINESTRING (-122.256474 37.8880164,-122.2565942 37.888122,-122.2567312 37.8882923,-122.2568325 37.8884838,-122.2568713 37.8885277,-122.2569052 37.888566,-122.2570547 37.8886575,-122.2572282 37.8887311,-122.2573912 37.8887886,-122.2575582 37.8888159,-122.2577921 37.8888126,-122.2582409 37.8888145,-122.2583914 37.8888347,-122.258606 37.8889025,-122.2587587 37.8889418,-122.2588777 37.8889479,-122.2591382 37.8888774,-122.259215 37.8888736,-122.2592661 37.8888856,-122.2592962 37.8889186,-122.2593265 37.8889655,-122.2593335 37.8890643,-122.2593133 37.8892115,-122.2593269 37.8892953,-122.2594053 37.8893767,-122.2595008 37.8894325,-122.2596554 37.8894968,-122.2600268 37.8896728,-122.2601274 37.889709,-122.2602502 37.8897386,-122.2604559 37.8897565,-122.2605458 37.8897822,-122.2606212 37.8898235,-122.2606768 37.8898883,-122.2607104 37.8899589,-122.2607455 37.890071)"
39,393,10,118,"LINESTRING (-122.269606 37.9026269,-122.2699607 37.9025765,-122.2700268 37.9025702,-122.2700975 37.9025759,-122.2701573 37.9025972,-122.2702109 37.9026319,-122.270258 37.9026916,-122.270367 37.9029396,-122.2704154 37.9030016,-122.2704576 37.9030306,-122.2704783 37.9030367,-122.2705656 37.9030386)"
40,41,10,119,"LINESTRING (-122.2691739 37.9006467,-122.269195 37.9005632,-122.2691998 37.9004825,-122.2691832 37.9004168,-122.2691368 37.9003334,-122.2690404 37.9002434,-122.2688929 37.900163,-122.2686493 37.9000649,-122.268515 37.9000046,-122.2684051 37.8999193,-122.268333 37.8998127,-122.2682484 37.8996325,-122.2681398 37.8992504,-122.2681167 37.8990796,-122.2681089 37.8989136,-122.2681162 37.8987616,-122.2681631 37.8985184,-122.2682021 37.8983463)"
41,50,20,124,"LINESTRING (-122.2682021 37.8983463,-122.2683278 37.8983338,-122.2684952 37.8983064,-122.2690624 37.898192)"
50,403,30,152,"LINESTRING (-122.2690624 37.898192,-122.2694736 37.8981129,-122.269834 37.8980509,-122.269927 37.898035)"
42,43,10,125,"LINESTRING (-122.2682981 37.8973071,-122.2682113 37.8965962,-122.268117 37.8959298,-122.2680956 37.8958595,-122.2680747 37.8958131,-122.2680608 37.8957822,-122.2679993 37.8957074,-122.267897 37.895631,-122.2677978 37.8955894,-122.2676591 37.895562,-122.2675015 37.8955139,-122.2673386 37.8954252,-122.2672328 37.8953396,-122.267159 37.8952488,-122.2670777 37.8951231)"
43,171,30,128,"LINESTRING (-122.2670777 37.8951231,-122.2670291 37.8950244,-122.2669392 37.8949423,-122.2667991 37.8948657,-122.2665559 37.8947903)"
144,383,10,420,"LINESTRING (-122.2725926 37.9041902,-122.2722562 37.9040512,-122.2721694 37.9040342)"
383,3,20,1087,"LINESTRING (-122.2721694 37.9040342,-122.2718406 37.9038965,-122.2717609 37.9038261,-122.2717148 37.9037498,-122.2716975 37.9036355,-122.2717163 37.9035011,-122.2718012 37.9031838,-122.2718077 37.9030967,-122.2717807 37.9030042,-122.2717034 37.9029105,-122.2716589 37.9028702)"
228,136,10,650,"LINESTRING (-122.2749158 37.9027397,-122.2747636 37.9024716,-122.2746812 37.9023035,-122.274617 37.9022044,-122.274546 37.9021269,-122.2740314 37.9018132,-122.2738814 37.9017039,-122.2738511 37.9016793,-122.2735982 37.9014741,-122.2734431 37.9013207,-122.2733142 37.9011875)"
136,111,20,396,"LINESTRING (-122.2733142 37.9011875,-122.2734566 37.9011358,-122.2735417 37.9010844,-122.2739567 37.9007628)"
229,72,10,653,"LINESTRING (-122.2741416 37.9030079,-122.2739718 37.9027458,-122.2739016 37.9026669,-122.2738146 37.9025844,-122.2737214 37.9025095,-122.2733439 37.9022517,-122.2729588 37.9019536,-122.2726721 37.9016643,-122.272481 37.9014441)"
72,73,20,212,"LINESTRING (-122.272481 37.9014441,-122.2723485 37.9012783,-122.2722414 37.9011712,-122.2721048 37.9010948,-122.2719267 37.9010477,-122.2717883 37.9010381,-122.2716277 37.9010649,-122.27123 37.9012009)"
409,156,20,1156,"LINESTRING (-122.2672223 37.8908097,-122.2673139 37.8908174,-122.2673548 37.8908208,-122.2674358 37.8908561,-122.2675171 37.8909298,-122.2675713 37.8910049,-122.2676378 37.8911292,-122.2677318 37.8912717,-122.2678239 37.891393,-122.2679659 37.8915423,-122.2681531 37.8917084,-122.2682939 37.8918019,-122.2684546 37.8918825,-122.2686184 37.891947,-122.2687613 37.8919902,-122.2689596 37.8920319,-122.2690949 37.8920734,-122.2692141 37.892127,-122.2692667 37.8921564)"
410,409,10,1161,"LINESTRING (-122.2671212 37.8903502,-122.2671885 37.8906126,-122.2672223 37.8908097)"
63,284,10,185,"LINESTRING (-122.2745305 37.8963412,-122.2745086 37.8963245,-122.2743651 37.896215,-122.2741733 37.8960372,-122.2740888 37.8959261,-122.274026 37.8957911,-122.2739707 37.8957182,-122.2738687 37.8956813,-122.273701 37.8956639,-122.2733485 37.8956583,-122.2731624 37.8956582,-122.2729001 37.8957195,-122.2726395 37.8957552,-122.2724193 37.8958051,-122.2722229 37.8958137,-122.2721378 37.8957984,-122.272098 37.8957575,-122.2720706 37.8956949,-122.2720718 37.8956332,-122.2723138 37.8952419,-122.2723558 37.895156,-122.2723742 37.8950745,-122.2723755 37.8949961,-122.2723599 37.8949252,-122.2723341 37.8948634,-122.2722991 37.8948096,-122.2722386 37.8947328,-122.2721485 37.8946455,-122.2717789 37.8943534,-122.2715875 37.8941659,-122.2715719 37.8941078,-122.2715819 37.894043,-122.271626 37.8939684,-122.2716891 37.8938866,-122.2720976 37.8934553)"
137,139,20,398,"LINESTRING (-122.2591794 37.8820193,-122.2593659 37.882063,-122.259452 37.8820678,-122.259507 37.8820454,-122.2595369 37.8819988,-122.2595407 37.8819367,-122.2595359 37.8818861,-122.2594391 37.881149,-122.2594716 37.8810816,-122.2595053 37.8810616,-122.2603387 37.880855)"
334,38,10,959,"LINESTRING (-122.2555666 37.8876286,-122.2556916 37.8876155,-122.2557759 37.8876638,-122.2558145 37.8877428,-122.2558489 37.8879452,-122.2559217 37.8880328,-122.2560351 37.8880791,-122.2561117 37.8880903,-122.2561886 37.8880928,-122.2563352 37.8880796,-122.2564106 37.8880626,-122.2564548 37.8880403,-122.256474 37.8880164)"
17,247,40,53,"LINESTRING (-122.2599101 37.8833411,-122.2599611 37.8833096,-122.2600251 37.8832899,-122.2604923 37.8832371,-122.2605784 37.883201,-122.2606361 37.8831627,-122.2606881 37.8830933,-122.2607057 37.8830294,-122.2607009 37.8829443,-122.2606757 37.8828563,-122.2606137 37.882718,-122.2605344 37.8825618,-122.2604929 37.8824394,-122.2604386 37.8819026)"
19,137,10,58,"LINESTRING (-122.259231 37.8833943,-122.259222 37.8833446,-122.2591637 37.8830217,-122.2591551 37.8827653,-122.2591603 37.8826058,-122.2591946 37.8825152,-122.2591991 37.8825035,-122.2592456 37.8823336,-122.2592433 37.8822336,-122.2592262 37.8821753,-122.2591934 37.8821244,-122.2591724 37.8820737,-122.2591794 37.8820193)"
31,314,30,94,"LINESTRING (-122.2518091 37.8863483,-122.2516881 37.8864639,-122.2516022 37.8866129,-122.2514907 37.8869189,-122.251453 37.8869901,-122.2514062 37.8870481,-122.2513379 37.8870894)"
205,188,20,592,"LINESTRING (-122.2533806 37.8814646,-122.2534973 37.8815146,-122.2536639 37.8815685)"
206,205,10,593,"LINESTRING (-122.2522403 37.8813063,-122.2526256 37.8812805,-122.2527173 37.8812554,-122.2528451 37.8811981,-122.2529463 37.8811817,-122.2530309 37.8812015,-122.2530799 37.8812295,-122.2532751 37.8814067,-122.2533806 37.8814646)"
78,342,10,234,"LINESTRING (-122.2506636 37.8854501,-122.2508161 37.8855086,-122.2508984 37.8855494,-122.25101 37.8856307,-122.251113 37.8857458,-122.2513362 37.8860032,-122.2515078 37.8861658,-122.2517051 37.886281)"
342,31,20,980,"LINESTRING (-122.2517051 37.886281,-122.2518091 37.8863483)"
190,82,10,548,"LINESTRING (-122.2656358 37.8876079,-122.2656741 37.8877154,-122.265688 37.8878323,-122.2657224 37.8881203)"
235,192,20,668,"LINESTRING (-122.2766308 37.8995037,-122.2768729 37.8994393,-122.2770164 37.8993887,-122.2771583 37.8993183,-122.2772599 37.8992678,-122.277318 37.8992454)"
192,422,20,553,"LINESTRING (-122.277318 37.8992454,-122.2774298 37.8992029)"
422,423,20,1196,"LINESTRING (-122.2774298 37.8992029,-122.2773418 37.8991492,-122.2772871 37.8991158,-122.2770483 37.8989977,-122.2768413 37.8988924,-122.2767635 37.898849,-122.2767263 37.8988144,-122.276688 37.8987538)"
423,424,20,1198,"LINESTRING (-122.276688 37.8987538,-122.2766277 37.8986184,-122.2766319 37.8985336,-122.2767516 37.8980567,-122.2767627 37.8979652,-122.2767537 37.8978888,-122.2767356 37.897819,-122.276693 37.8977376,-122.2766321 37.8976604,-122.2765513 37.8975971,-122.2764699 37.8975501,-122.2762384 37.8974422,-122.276121 37.8973875,-122.2760143 37.8973286)"
424,426,30,1200,"LINESTRING (-122.2760143 37.8973286,-122.2759234 37.8972524,-122.2758612 37.8971592,-122.2758334 37.8970671,-122.2757984 37.8968016,-122.2757324 37.8964899,-122.2756862 37.8963146,-122.2755048 37.8958235,-122.275337 37.8953428,-122.2752532 37.8951615,-122.2751821 37.894977,-122.2751568 37.8949115,-122.275073 37.8947314)"
426,54,30,1203,"LINESTRING (-122.275073 37.8947314,-122.2750093 37.8946573,-122.2748902 37.8944423,-122.2747599 37.8942184,-122.2746935 37.8941187)"
54,113,30,161,"LINESTRING (-122.2746935 37.8941187,-122.27464 37.894019,-122.2745884 37.8939349,-122.2745453 37.8938622,-122.2745313 37.8937921,-122.2745343 37.8937175,-122.2745562 37.8936507,-122.2745987 37.8935816,-122.2746686 37.8934861,-122.2747373 37.8933802,-122.274761 37.8933265,-122.2747772 37.8932609,-122.2747805 37.8932286,-122.2747837 37.8931975,-122.2747899 37.8931401)"
113,411,30,333,"LINESTRING (-122.2747899 37.8931401,-122.2747859 37.8930508,-122.2747614 37.8929323,-122.2746978 37.8927789,-122.274545 37.8925171,-122.2743951 37.8923107,-122.2742679 37.8921475,-122.2741532 37.8920182,-122.2741041 37.8919629,-122.2738881 37.8917481,-122.2737143 37.8915929,-122.2735025 37.8914275,-122.2732652 37.8912769,-122.2730618 37.8911498,-122.2726398 37.8909359,-122.2725699 37.8908892,-122.2725071 37.8908368,-122.2724338 37.8907379,-122.2723832 37.8906017,-122.2723725 37.8904449,-122.2723862 37.890377,-122.2724033 37.8902925)"
237,406,10,675,"LINESTRING (-122.2734697 37.8979879,-122.2733973 37.8979371,-122.2733194 37.89787,-122.2730457 37.8975839,-122.2728348 37.8973646,-122.2727234 37.8972711)"
406,413,20,1148,"LINESTRING (-122.2727234 37.8972711,-122.2725861 37.8971889,-122.272472 37.8971483,-122.2723156 37.8971207)"
413,388,30,1166,"LINESTRING (-122.2723156 37.8971207,-122.2721688 37.8971095,-122.2720381 37.897075,-122.2719573 37.8970362,-122.2718608 37.8969568,-122.2718045 37.8968658,-122.2717298 37.8966406,-122.2716757 37.896505)"
338,337,10,972,"LINESTRING (-122.2700589 37.8864447,-122.2699652 37.8857154,-122.2699684 37.8856504)"
339,367,10,974,"LINESTRING (-122.2698249 37.8879596,-122.2697562 37.8880025,-122.2693203 37.888275,-122.2692178 37.8883739,-122.2691743 37.8884739,-122.2691589 37.8885717,-122.2692285 37.889302,-122.269225 37.8893507,-122.2692143 37.8893978,-122.2692055 37.8894194,-122.2691795 37.8894831)"
213,123,10,613,"LINESTRING (-122.2582462 37.8987803,-122.2582814 37.8988379,-122.2584644 37.8990112)"
366,235,10,1038,"LINESTRING (-122.2762996 37.900551,-122.2767222 37.8999718,-122.2767716 37.8998952,-122.276788 37.8998236,-122.2767843 37.8997841,-122.2767744 37.8997471,-122.2766308 37.8995037)"
118,43,10,346,"LINESTRING (-122.2672554 37.8970249,-122.2672307 37.8967656,-122.2672359 37.8966497,-122.2672154 37.896566,-122.2671614 37.8965119,-122.2670564 37.8964351,-122.2666493 37.8961543,-122.2665919 37.8960616,-122.2665826 37.8959756,-122.2666252 37.8957912,-122.2667227 37.8955377,-122.2668223 37.8953443,-122.2669863 37.8951661,-122.267036 37.8951395,-122.2670777 37.8951231)"
135,60,20,393,"LINESTRING (-122.2512197 37.8817661,-122.2513017 37.8817968,-122.2513519 37.881871,-122.2513589 37.8819599,-122.2512701 37.8822438,-122.2512642 37.8823543,-122.2512762 37.8824554,-122.2513258 37.8825371,-122.2516419 37.8828818,-122.2517903 37.8830441,-122.2518897 37.883164,-122.2519368 37.8832073)"
98,89,10,290,"LINESTRING (-122.2533579 37.8881996,-122.2534564 37.8881098,-122.2535204 37.8880006,-122.2535391 37.8878745,-122.2535358 37.8877763,-122.2535034 37.8875863,-122.2535339 37.8874957,-122.2536053 37.8874023,-122.2537973 37.887271,-122.2538813 37.8871876,-122.2539222 37.8870924,-122.2539219 37.8869853,-122.2538534 37.8868231,-122.2538427 37.8867491,-122.2538588 37.8866577)"
104,17,30,307,"LINESTRING (-122.2598812 37.8835273,-122.2598646 37.8834241,-122.2598692 37.8833962,-122.2598837 37.8833657,-122.2599101 37.8833411)"
106,104,20,312,"LINESTRING (-122.2587038 37.8857954,-122.2581562 37.8852293,-122.2580817 37.885137,-122.2580581 37.8850401,-122.2580836 37.8848731,-122.2580688 37.8847672,-122.2579977 37.8846932,-122.2579325 37.8846489,-122.257748 37.8845655,-122.2573972 37.8844817,-122.2573217 37.884397,-122.2573148 37.8842918,-122.2573533 37.8842325,-122.2576092 37.8841346,-122.2578122 37.8840441,-122.2582108 37.8838198,-122.2583417 37.8837796,-122.2592651 37.8836056,-122.2598812 37.8835273)"
106,104,20,313,"LINESTRING (-122.2587038 37.8857954,-122.2588362 37.8857893,-122.2589912 37.8857977,-122.2591426 37.8858223,-122.2592907 37.8858622,-122.2594558 37.885922,-122.2597193 37.8860485,-122.2600045 37.8862063,-122.260043 37.8862582,-122.2600517 37.8862979,-122.2600192 37.8864001,-122.2600294 37.8864348,-122.2600556 37.8864519,-122.260106 37.8864447,-122.2602078 37.8863598,-122.2602413 37.8863101,-122.2602658 37.8862301,-122.2602481 37.886125,-122.260177 37.8860144,-122.2600209 37.8858451,-122.2597809 37.8855944,-122.2590343 37.884759,-122.2589446 37.8846387,-122.2588916 37.8845306,-122.2588643 37.8844181,-122.2588704 37.8842918,-122.2589374 37.8841678,-122.2590486 37.8841042,-122.2592163 37.8840822,-122.2595578 37.8841007,-122.2597123 37.8840762,-122.2598297 37.884012,-122.2598998 37.8839421,-122.2599158 37.8838533,-122.2598812 37.8835273)"
107,106,10,315,"LINESTRING (-122.2586225 37.8868189,-122.2588054 37.8868085,-122.2590149 37.8867543,-122.2591584 37.8866739,-122.259335 37.8865301,-122.259398 37.8864519,-122.2594131 37.8863972,-122.2594065 37.8863335,-122.2593781 37.8862769,-122.2593174 37.8862109,-122.2589303 37.8859879,-122.2588013 37.8858959,-122.2587038 37.8857954)"
110,109,10,324,"LINESTRING (-122.2540605 37.8890779,-122.2540943 37.8890555,-122.2541176 37.8890109,-122.2541359 37.8889023,-122.2541687 37.8887827,-122.2541934 37.8887291,-122.2542406 37.888649,-122.2543673 37.8884426,-122.2543953 37.888389,-122.254408 37.8883285,-122.2544066 37.8882266,-122.2543744 37.8880754,-122.2543734 37.888007,-122.2543983 37.887899,-122.2544368 37.8878408,-122.2544825 37.8877872,-122.2545391 37.8877522)"
150,89,10,435,"LINESTRING (-122.2524391 37.8856503,-122.2525178 37.8855893,-122.2527014 37.8854126,-122.2528197 37.885357,-122.2529777 37.8853659,-122.253087 37.8854157,-122.2531407 37.8854897,-122.2531576 37.8855823,-122.2531461 37.8857036,-122.2531746 37.8857762,-122.2532733 37.8858483,-122.2533232 37.885876,-122.2536035 37.8860021,-122.2536992 37.886044,-122.253788 37.8861194,-122.2538591 37.8862204,-122.2538788 37.8863414,-122.2538807 37.8864893,-122.2538588 37.8866577)"
219,266,10,625,"LINESTRING (-122.2565712 37.889945,-122.2565126 37.8900724,-122.2564669 37.8901244,-122.2563931 37.8901907,-122.2562058 37.8902896,-122.2560723 37.8903412,-122.2559237 37.8904035,-122.2558671 37.8904631,-122.2558694 37.8905169,-122.2560139 37.8907585,-122.2560375 37.8908516,-122.2560397 37.8908601,-122.2560397 37.8909346,-122.2559882 37.8910294,-122.2559195 37.8910836)"
61,135,10,181,"LINESTRING (-122.2505324 37.8820166,-122.2507073 37.8819877,-122.2508414 37.8819251,-122.251098 37.8817873,-122.2511605 37.8817673,-122.2512197 37.8817661)"
108,126,10,317,"LINESTRING (-122.2500867 37.8836329,-122.2502057 37.883567)"
18,111,10,57,"LINESTRING (-122.2747245 37.9013889,-122.2745885 37.9013039,-122.2739567 37.9007628)"
425,148,10,1202,"LINESTRING (-122.2740631 37.8946419,-122.2741097 37.8946213,-122.2741769 37.8946044,-122.274259 37.8946062,-122.2744554 37.8946351,-122.2745158 37.8946389,-122.2745699 37.8946299,-122.2746232 37.8945994,-122.2747108 37.8945474,-122.274822 37.8944966)"
148,175,10,429,"LINESTRING (-122.274822 37.8944966,-122.2749557 37.8947498,-122.2750345 37.8949308,-122.2751654 37.8951954,-122.2752381 37.8953655,-122.2753605 37.8957039,-122.275408 37.8958438,-122.2755849 37.8963408,-122.275626 37.8965036,-122.2756831 37.8967805,-122.2757305 37.8970955,-122.2757472 37.8971444,-122.275771 37.897214,-122.2758345 37.8972963,-122.2759154 37.8973682)"
175,424,10,511,"LINESTRING (-122.2759154 37.8973682,-122.2760143 37.8973286)"
