origin_node_id,destin_node_id,origin_osmid,destin_osmid
93,248,100526670,vn_sink
93,248,100526670,vn_sink
93,248,100526670,vn_sink
93,248,100526670,vn_sink
93,248,100526670,vn_sink
93,248,100526670,vn_sink
93,248,100526670,vn_sink
93,248,100526670,vn_sink
93,248,100526670,vn_sink
93,248,100526670,vn_sink
93,248,100526670,vn_sink
93,248,100526670,vn_sink
93,248,100526670,vn_sink
93,248,100526670,vn_sink
93,248,100526670,vn_sink
93,248,100526670,vn_sink
93,248,100526670,vn_sink
93,248,100526670,vn_sink
93,248,100526670,vn_sink
93,248,100526670,vn_sink
159,248,100548476,vn_sink
159,248,100548476,vn_sink
159,248,100548476,vn_sink
159,248,100548476,vn_sink
159,248,100548476,vn_sink
159,248,100548476,vn_sink
159,248,100548476,vn_sink
159,248,100548476,vn_sink
159,248,100548476,vn_sink
159,248,100548476,vn_sink
159,248,100548476,vn_sink
159,248,100548476,vn_sink
159,248,100548476,vn_sink
159,248,100548476,vn_sink
159,248,100548476,vn_sink
159,248,100548476,vn_sink
159,248,100548476,vn_sink
159,248,100548476,vn_sink
159,248,100548476,vn_sink
159,248,100548476,vn_sink
219,248,2507403763_m,vn_sink
219,248,2507403763_m,vn_sink
219,248,2507403763_m,vn_sink
219,248,2507403763_m,vn_sink
219,248,2507403763_m,vn_sink
219,248,2507403763_m,vn_sink
219,248,2507403763_m,vn_sink
219,248,2507403763_m,vn_sink
219,248,2507403763_m,vn_sink
219,248,2507403763_m,vn_sink
219,248,2507403763_m,vn_sink
219,248,2507403763_m,vn_sink
219,248,2507403763_m,vn_sink
219,248,2507403763_m,vn_sink
219,248,2507403763_m,vn_sink
219,248,2507403763_m,vn_sink
219,248,2507403763_m,vn_sink
219,248,2507403763_m,vn_sink
219,248,2507403763_m,vn_sink
219,248,2507403763_m,vn_sink
149,248,2536801113,vn_sink
149,248,2536801113,vn_sink
149,248,2536801113,vn_sink
149,248,2536801113,vn_sink
149,248,2536801113,vn_sink
149,248,2536801113,vn_sink
149,248,2536801113,vn_sink
149,248,2536801113,vn_sink
149,248,2536801113,vn_sink
149,248,2536801113,vn_sink
149,248,2536801113,vn_sink
149,248,2536801113,vn_sink
149,248,2536801113,vn_sink
149,248,2536801113,vn_sink
149,248,2536801113,vn_sink
149,248,2536801113,vn_sink
149,248,2536801113,vn_sink
149,248,2536801113,vn_sink
149,248,2536801113,vn_sink
149,248,2536801113,vn_sink
56,248,258895312,vn_sink
56,248,258895312,vn_sink
56,248,258895312,vn_sink
56,248,258895312,vn_sink
56,248,258895312,vn_sink
56,248,258895312,vn_sink
56,248,258895312,vn_sink
56,248,258895312,vn_sink
56,248,258895312,vn_sink
56,248,258895312,vn_sink
56,248,258895312,vn_sink
56,248,258895312,vn_sink
56,248,258895312,vn_sink
56,248,258895312,vn_sink
56,248,258895312,vn_sink
56,248,258895312,vn_sink
56,248,258895312,vn_sink
56,248,258895312,vn_sink
56,248,258895312,vn_sink
56,248,258895312,vn_sink
62,248,258895327,vn_sink
62,248,258895327,vn_sink
62,248,258895327,vn_sink
62,248,258895327,vn_sink
62,248,258895327,vn_sink
62,248,258895327,vn_sink
62,248,258895327,vn_sink
62,248,258895327,vn_sink
62,248,258895327,vn_sink
62,248,258895327,vn_sink
62,248,258895327,vn_sink
62,248,258895327,vn_sink
62,248,258895327,vn_sink
62,248,258895327,vn_sink
62,248,258895327,vn_sink
62,248,258895327,vn_sink
62,248,258895327,vn_sink
62,248,258895327,vn_sink
62,248,258895327,vn_sink
62,248,258895327,vn_sink
208,248,35719045_m,vn_sink
208,248,35719045_m,vn_sink
208,248,35719045_m,vn_sink
208,248,35719045_m,vn_sink
208,248,35719045_m,vn_sink
208,248,35719045_m,vn_sink
208,248,35719045_m,vn_sink
208,248,35719045_m,vn_sink
208,248,35719045_m,vn_sink
208,248,35719045_m,vn_sink
208,248,35719045_m,vn_sink
208,248,35719045_m,vn_sink
208,248,35719045_m,vn_sink
208,248,35719045_m,vn_sink
208,248,35719045_m,vn_sink
208,248,35719045_m,vn_sink
208,248,35719045_m,vn_sink
208,248,35719045_m,vn_sink
208,248,35719045_m,vn_sink
208,248,35719045_m,vn_sink
151,248,53020507,vn_sink
151,248,53020507,vn_sink
151,248,53020507,vn_sink
151,248,53020507,vn_sink
151,248,53020507,vn_sink
151,248,53020507,vn_sink
151,248,53020507,vn_sink
151,248,53020507,vn_sink
151,248,53020507,vn_sink
151,248,53020507,vn_sink
151,248,53020507,vn_sink
151,248,53020507,vn_sink
151,248,53020507,vn_sink
151,248,53020507,vn_sink
151,248,53020507,vn_sink
151,248,53020507,vn_sink
151,248,53020507,vn_sink
151,248,53020507,vn_sink
151,248,53020507,vn_sink
151,248,53020507,vn_sink
17,248,53020805,vn_sink
17,248,53020805,vn_sink
17,248,53020805,vn_sink
17,248,53020805,vn_sink
17,248,53020805,vn_sink
17,248,53020805,vn_sink
17,248,53020805,vn_sink
17,248,53020805,vn_sink
17,248,53020805,vn_sink
17,248,53020805,vn_sink
17,248,53020805,vn_sink
17,248,53020805,vn_sink
17,248,53020805,vn_sink
17,248,53020805,vn_sink
17,248,53020805,vn_sink
17,248,53020805,vn_sink
17,248,53020805,vn_sink
17,248,53020805,vn_sink
17,248,53020805,vn_sink
17,248,53020805,vn_sink
119,248,53021355,vn_sink
119,248,53021355,vn_sink
119,248,53021355,vn_sink
119,248,53021355,vn_sink
119,248,53021355,vn_sink
119,248,53021355,vn_sink
119,248,53021355,vn_sink
119,248,53021355,vn_sink
119,248,53021355,vn_sink
119,248,53021355,vn_sink
119,248,53021355,vn_sink
119,248,53021355,vn_sink
119,248,53021355,vn_sink
119,248,53021355,vn_sink
119,248,53021355,vn_sink
119,248,53021355,vn_sink
119,248,53021355,vn_sink
119,248,53021355,vn_sink
119,248,53021355,vn_sink
119,248,53021355,vn_sink
152,248,53025638,vn_sink
152,248,53025638,vn_sink
152,248,53025638,vn_sink
152,248,53025638,vn_sink
152,248,53025638,vn_sink
152,248,53025638,vn_sink
152,248,53025638,vn_sink
152,248,53025638,vn_sink
152,248,53025638,vn_sink
152,248,53025638,vn_sink
152,248,53025638,vn_sink
152,248,53025638,vn_sink
152,248,53025638,vn_sink
152,248,53025638,vn_sink
152,248,53025638,vn_sink
152,248,53025638,vn_sink
152,248,53025638,vn_sink
152,248,53025638,vn_sink
152,248,53025638,vn_sink
152,248,53025638,vn_sink
202,248,53025642_m,vn_sink
202,248,53025642_m,vn_sink
202,248,53025642_m,vn_sink
202,248,53025642_m,vn_sink
202,248,53025642_m,vn_sink
202,248,53025642_m,vn_sink
202,248,53025642_m,vn_sink
202,248,53025642_m,vn_sink
202,248,53025642_m,vn_sink
202,248,53025642_m,vn_sink
202,248,53025642_m,vn_sink
202,248,53025642_m,vn_sink
202,248,53025642_m,vn_sink
202,248,53025642_m,vn_sink
202,248,53025642_m,vn_sink
202,248,53025642_m,vn_sink
202,248,53025642_m,vn_sink
202,248,53025642_m,vn_sink
202,248,53025642_m,vn_sink
202,248,53025642_m,vn_sink
43,248,53026106,vn_sink
43,248,53026106,vn_sink
43,248,53026106,vn_sink
43,248,53026106,vn_sink
43,248,53026106,vn_sink
43,248,53026106,vn_sink
43,248,53026106,vn_sink
43,248,53026106,vn_sink
43,248,53026106,vn_sink
43,248,53026106,vn_sink
43,248,53026106,vn_sink
43,248,53026106,vn_sink
43,248,53026106,vn_sink
43,248,53026106,vn_sink
43,248,53026106,vn_sink
43,248,53026106,vn_sink
43,248,53026106,vn_sink
43,248,53026106,vn_sink
43,248,53026106,vn_sink
43,248,53026106,vn_sink
94,248,53030484,vn_sink
94,248,53030484,vn_sink
94,248,53030484,vn_sink
94,248,53030484,vn_sink
94,248,53030484,vn_sink
94,248,53030484,vn_sink
94,248,53030484,vn_sink
94,248,53030484,vn_sink
94,248,53030484,vn_sink
94,248,53030484,vn_sink
94,248,53030484,vn_sink
94,248,53030484,vn_sink
94,248,53030484,vn_sink
94,248,53030484,vn_sink
94,248,53030484,vn_sink
94,248,53030484,vn_sink
94,248,53030484,vn_sink
94,248,53030484,vn_sink
94,248,53030484,vn_sink
94,248,53030484,vn_sink
95,248,53030491,vn_sink
95,248,53030491,vn_sink
95,248,53030491,vn_sink
95,248,53030491,vn_sink
95,248,53030491,vn_sink
95,248,53030491,vn_sink
95,248,53030491,vn_sink
95,248,53030491,vn_sink
95,248,53030491,vn_sink
95,248,53030491,vn_sink
95,248,53030491,vn_sink
95,248,53030491,vn_sink
95,248,53030491,vn_sink
95,248,53030491,vn_sink
95,248,53030491,vn_sink
95,248,53030491,vn_sink
95,248,53030491,vn_sink
95,248,53030491,vn_sink
95,248,53030491,vn_sink
95,248,53030491,vn_sink
96,248,53030498,vn_sink
96,248,53030498,vn_sink
96,248,53030498,vn_sink
96,248,53030498,vn_sink
96,248,53030498,vn_sink
96,248,53030498,vn_sink
96,248,53030498,vn_sink
96,248,53030498,vn_sink
96,248,53030498,vn_sink
96,248,53030498,vn_sink
96,248,53030498,vn_sink
96,248,53030498,vn_sink
96,248,53030498,vn_sink
96,248,53030498,vn_sink
96,248,53030498,vn_sink
96,248,53030498,vn_sink
96,248,53030498,vn_sink
96,248,53030498,vn_sink
96,248,53030498,vn_sink
96,248,53030498,vn_sink
97,248,53030500,vn_sink
97,248,53030500,vn_sink
97,248,53030500,vn_sink
97,248,53030500,vn_sink
97,248,53030500,vn_sink
97,248,53030500,vn_sink
97,248,53030500,vn_sink
97,248,53030500,vn_sink
97,248,53030500,vn_sink
97,248,53030500,vn_sink
97,248,53030500,vn_sink
97,248,53030500,vn_sink
97,248,53030500,vn_sink
97,248,53030500,vn_sink
97,248,53030500,vn_sink
97,248,53030500,vn_sink
97,248,53030500,vn_sink
97,248,53030500,vn_sink
97,248,53030500,vn_sink
97,248,53030500,vn_sink
98,248,53030503,vn_sink
98,248,53030503,vn_sink
98,248,53030503,vn_sink
98,248,53030503,vn_sink
98,248,53030503,vn_sink
98,248,53030503,vn_sink
98,248,53030503,vn_sink
98,248,53030503,vn_sink
98,248,53030503,vn_sink
98,248,53030503,vn_sink
98,248,53030503,vn_sink
98,248,53030503,vn_sink
98,248,53030503,vn_sink
98,248,53030503,vn_sink
98,248,53030503,vn_sink
98,248,53030503,vn_sink
98,248,53030503,vn_sink
98,248,53030503,vn_sink
98,248,53030503,vn_sink
98,248,53030503,vn_sink
207,248,53030514_m,vn_sink
207,248,53030514_m,vn_sink
207,248,53030514_m,vn_sink
207,248,53030514_m,vn_sink
207,248,53030514_m,vn_sink
207,248,53030514_m,vn_sink
207,248,53030514_m,vn_sink
207,248,53030514_m,vn_sink
207,248,53030514_m,vn_sink
207,248,53030514_m,vn_sink
207,248,53030514_m,vn_sink
207,248,53030514_m,vn_sink
207,248,53030514_m,vn_sink
207,248,53030514_m,vn_sink
207,248,53030514_m,vn_sink
207,248,53030514_m,vn_sink
207,248,53030514_m,vn_sink
207,248,53030514_m,vn_sink
207,248,53030514_m,vn_sink
207,248,53030514_m,vn_sink
100,248,53030518,vn_sink
100,248,53030518,vn_sink
100,248,53030518,vn_sink
100,248,53030518,vn_sink
100,248,53030518,vn_sink
100,248,53030518,vn_sink
100,248,53030518,vn_sink
100,248,53030518,vn_sink
100,248,53030518,vn_sink
100,248,53030518,vn_sink
100,248,53030518,vn_sink
100,248,53030518,vn_sink
100,248,53030518,vn_sink
100,248,53030518,vn_sink
100,248,53030518,vn_sink
100,248,53030518,vn_sink
100,248,53030518,vn_sink
100,248,53030518,vn_sink
100,248,53030518,vn_sink
100,248,53030518,vn_sink
101,248,53030520,vn_sink
101,248,53030520,vn_sink
101,248,53030520,vn_sink
101,248,53030520,vn_sink
101,248,53030520,vn_sink
101,248,53030520,vn_sink
101,248,53030520,vn_sink
101,248,53030520,vn_sink
101,248,53030520,vn_sink
101,248,53030520,vn_sink
101,248,53030520,vn_sink
101,248,53030520,vn_sink
101,248,53030520,vn_sink
101,248,53030520,vn_sink
101,248,53030520,vn_sink
101,248,53030520,vn_sink
101,248,53030520,vn_sink
101,248,53030520,vn_sink
101,248,53030520,vn_sink
101,248,53030520,vn_sink
226,248,53030528_m,vn_sink
226,248,53030528_m,vn_sink
226,248,53030528_m,vn_sink
226,248,53030528_m,vn_sink
226,248,53030528_m,vn_sink
226,248,53030528_m,vn_sink
226,248,53030528_m,vn_sink
226,248,53030528_m,vn_sink
226,248,53030528_m,vn_sink
226,248,53030528_m,vn_sink
226,248,53030528_m,vn_sink
226,248,53030528_m,vn_sink
226,248,53030528_m,vn_sink
226,248,53030528_m,vn_sink
226,248,53030528_m,vn_sink
226,248,53030528_m,vn_sink
226,248,53030528_m,vn_sink
226,248,53030528_m,vn_sink
226,248,53030528_m,vn_sink
226,248,53030528_m,vn_sink
104,248,53030530,vn_sink
104,248,53030530,vn_sink
104,248,53030530,vn_sink
104,248,53030530,vn_sink
104,248,53030530,vn_sink
104,248,53030530,vn_sink
104,248,53030530,vn_sink
104,248,53030530,vn_sink
104,248,53030530,vn_sink
104,248,53030530,vn_sink
104,248,53030530,vn_sink
104,248,53030530,vn_sink
104,248,53030530,vn_sink
104,248,53030530,vn_sink
104,248,53030530,vn_sink
104,248,53030530,vn_sink
104,248,53030530,vn_sink
104,248,53030530,vn_sink
104,248,53030530,vn_sink
104,248,53030530,vn_sink
107,248,53030533,vn_sink
107,248,53030533,vn_sink
107,248,53030533,vn_sink
107,248,53030533,vn_sink
107,248,53030533,vn_sink
107,248,53030533,vn_sink
107,248,53030533,vn_sink
107,248,53030533,vn_sink
107,248,53030533,vn_sink
107,248,53030533,vn_sink
107,248,53030533,vn_sink
107,248,53030533,vn_sink
107,248,53030533,vn_sink
107,248,53030533,vn_sink
107,248,53030533,vn_sink
107,248,53030533,vn_sink
107,248,53030533,vn_sink
107,248,53030533,vn_sink
107,248,53030533,vn_sink
107,248,53030533,vn_sink
108,248,53030534,vn_sink
108,248,53030534,vn_sink
108,248,53030534,vn_sink
108,248,53030534,vn_sink
108,248,53030534,vn_sink
108,248,53030534,vn_sink
108,248,53030534,vn_sink
108,248,53030534,vn_sink
108,248,53030534,vn_sink
108,248,53030534,vn_sink
108,248,53030534,vn_sink
108,248,53030534,vn_sink
108,248,53030534,vn_sink
108,248,53030534,vn_sink
108,248,53030534,vn_sink
108,248,53030534,vn_sink
108,248,53030534,vn_sink
108,248,53030534,vn_sink
108,248,53030534,vn_sink
108,248,53030534,vn_sink
110,248,53030536,vn_sink
110,248,53030536,vn_sink
110,248,53030536,vn_sink
110,248,53030536,vn_sink
110,248,53030536,vn_sink
110,248,53030536,vn_sink
110,248,53030536,vn_sink
110,248,53030536,vn_sink
110,248,53030536,vn_sink
110,248,53030536,vn_sink
110,248,53030536,vn_sink
110,248,53030536,vn_sink
110,248,53030536,vn_sink
110,248,53030536,vn_sink
110,248,53030536,vn_sink
110,248,53030536,vn_sink
110,248,53030536,vn_sink
110,248,53030536,vn_sink
110,248,53030536,vn_sink
110,248,53030536,vn_sink
111,248,53030538,vn_sink
111,248,53030538,vn_sink
111,248,53030538,vn_sink
111,248,53030538,vn_sink
111,248,53030538,vn_sink
111,248,53030538,vn_sink
111,248,53030538,vn_sink
111,248,53030538,vn_sink
111,248,53030538,vn_sink
111,248,53030538,vn_sink
111,248,53030538,vn_sink
111,248,53030538,vn_sink
111,248,53030538,vn_sink
111,248,53030538,vn_sink
111,248,53030538,vn_sink
111,248,53030538,vn_sink
111,248,53030538,vn_sink
111,248,53030538,vn_sink
111,248,53030538,vn_sink
111,248,53030538,vn_sink
181,248,53030619_m,vn_sink
181,248,53030619_m,vn_sink
181,248,53030619_m,vn_sink
181,248,53030619_m,vn_sink
181,248,53030619_m,vn_sink
181,248,53030619_m,vn_sink
181,248,53030619_m,vn_sink
181,248,53030619_m,vn_sink
181,248,53030619_m,vn_sink
181,248,53030619_m,vn_sink
181,248,53030619_m,vn_sink
181,248,53030619_m,vn_sink
181,248,53030619_m,vn_sink
181,248,53030619_m,vn_sink
181,248,53030619_m,vn_sink
181,248,53030619_m,vn_sink
181,248,53030619_m,vn_sink
181,248,53030619_m,vn_sink
181,248,53030619_m,vn_sink
181,248,53030619_m,vn_sink
148,248,53032789,vn_sink
148,248,53032789,vn_sink
148,248,53032789,vn_sink
148,248,53032789,vn_sink
148,248,53032789,vn_sink
148,248,53032789,vn_sink
148,248,53032789,vn_sink
148,248,53032789,vn_sink
148,248,53032789,vn_sink
148,248,53032789,vn_sink
148,248,53032789,vn_sink
148,248,53032789,vn_sink
148,248,53032789,vn_sink
148,248,53032789,vn_sink
148,248,53032789,vn_sink
148,248,53032789,vn_sink
148,248,53032789,vn_sink
148,248,53032789,vn_sink
148,248,53032789,vn_sink
148,248,53032789,vn_sink
72,248,53033487,vn_sink
72,248,53033487,vn_sink
72,248,53033487,vn_sink
72,248,53033487,vn_sink
72,248,53033487,vn_sink
72,248,53033487,vn_sink
72,248,53033487,vn_sink
72,248,53033487,vn_sink
72,248,53033487,vn_sink
72,248,53033487,vn_sink
72,248,53033487,vn_sink
72,248,53033487,vn_sink
72,248,53033487,vn_sink
72,248,53033487,vn_sink
72,248,53033487,vn_sink
72,248,53033487,vn_sink
72,248,53033487,vn_sink
72,248,53033487,vn_sink
72,248,53033487,vn_sink
72,248,53033487,vn_sink
73,248,53033489,vn_sink
73,248,53033489,vn_sink
73,248,53033489,vn_sink
73,248,53033489,vn_sink
73,248,53033489,vn_sink
73,248,53033489,vn_sink
73,248,53033489,vn_sink
73,248,53033489,vn_sink
73,248,53033489,vn_sink
73,248,53033489,vn_sink
73,248,53033489,vn_sink
73,248,53033489,vn_sink
73,248,53033489,vn_sink
73,248,53033489,vn_sink
73,248,53033489,vn_sink
73,248,53033489,vn_sink
73,248,53033489,vn_sink
73,248,53033489,vn_sink
73,248,53033489,vn_sink
73,248,53033489,vn_sink
74,248,53033490,vn_sink
74,248,53033490,vn_sink
74,248,53033490,vn_sink
74,248,53033490,vn_sink
74,248,53033490,vn_sink
74,248,53033490,vn_sink
74,248,53033490,vn_sink
74,248,53033490,vn_sink
74,248,53033490,vn_sink
74,248,53033490,vn_sink
74,248,53033490,vn_sink
74,248,53033490,vn_sink
74,248,53033490,vn_sink
74,248,53033490,vn_sink
74,248,53033490,vn_sink
74,248,53033490,vn_sink
74,248,53033490,vn_sink
74,248,53033490,vn_sink
74,248,53033490,vn_sink
74,248,53033490,vn_sink
75,248,53033493,vn_sink
75,248,53033493,vn_sink
75,248,53033493,vn_sink
75,248,53033493,vn_sink
75,248,53033493,vn_sink
75,248,53033493,vn_sink
75,248,53033493,vn_sink
75,248,53033493,vn_sink
75,248,53033493,vn_sink
75,248,53033493,vn_sink
75,248,53033493,vn_sink
75,248,53033493,vn_sink
75,248,53033493,vn_sink
75,248,53033493,vn_sink
75,248,53033493,vn_sink
75,248,53033493,vn_sink
75,248,53033493,vn_sink
75,248,53033493,vn_sink
75,248,53033493,vn_sink
75,248,53033493,vn_sink
82,248,53033506,vn_sink
82,248,53033506,vn_sink
82,248,53033506,vn_sink
82,248,53033506,vn_sink
82,248,53033506,vn_sink
82,248,53033506,vn_sink
82,248,53033506,vn_sink
82,248,53033506,vn_sink
82,248,53033506,vn_sink
82,248,53033506,vn_sink
82,248,53033506,vn_sink
82,248,53033506,vn_sink
82,248,53033506,vn_sink
82,248,53033506,vn_sink
82,248,53033506,vn_sink
82,248,53033506,vn_sink
82,248,53033506,vn_sink
82,248,53033506,vn_sink
82,248,53033506,vn_sink
82,248,53033506,vn_sink
228,248,53033516_m,vn_sink
228,248,53033516_m,vn_sink
228,248,53033516_m,vn_sink
228,248,53033516_m,vn_sink
228,248,53033516_m,vn_sink
228,248,53033516_m,vn_sink
228,248,53033516_m,vn_sink
228,248,53033516_m,vn_sink
228,248,53033516_m,vn_sink
228,248,53033516_m,vn_sink
228,248,53033516_m,vn_sink
228,248,53033516_m,vn_sink
228,248,53033516_m,vn_sink
228,248,53033516_m,vn_sink
228,248,53033516_m,vn_sink
228,248,53033516_m,vn_sink
228,248,53033516_m,vn_sink
228,248,53033516_m,vn_sink
228,248,53033516_m,vn_sink
228,248,53033516_m,vn_sink
6,248,53035083,vn_sink
6,248,53035083,vn_sink
6,248,53035083,vn_sink
6,248,53035083,vn_sink
6,248,53035083,vn_sink
6,248,53035083,vn_sink
6,248,53035083,vn_sink
6,248,53035083,vn_sink
6,248,53035083,vn_sink
6,248,53035083,vn_sink
6,248,53035083,vn_sink
6,248,53035083,vn_sink
6,248,53035083,vn_sink
6,248,53035083,vn_sink
6,248,53035083,vn_sink
6,248,53035083,vn_sink
6,248,53035083,vn_sink
6,248,53035083,vn_sink
6,248,53035083,vn_sink
6,248,53035083,vn_sink
129,248,53036819,vn_sink
129,248,53036819,vn_sink
129,248,53036819,vn_sink
129,248,53036819,vn_sink
129,248,53036819,vn_sink
129,248,53036819,vn_sink
129,248,53036819,vn_sink
129,248,53036819,vn_sink
129,248,53036819,vn_sink
129,248,53036819,vn_sink
129,248,53036819,vn_sink
129,248,53036819,vn_sink
129,248,53036819,vn_sink
129,248,53036819,vn_sink
129,248,53036819,vn_sink
129,248,53036819,vn_sink
129,248,53036819,vn_sink
129,248,53036819,vn_sink
129,248,53036819,vn_sink
129,248,53036819,vn_sink
132,248,53036821,vn_sink
132,248,53036821,vn_sink
132,248,53036821,vn_sink
132,248,53036821,vn_sink
132,248,53036821,vn_sink
132,248,53036821,vn_sink
132,248,53036821,vn_sink
132,248,53036821,vn_sink
132,248,53036821,vn_sink
132,248,53036821,vn_sink
132,248,53036821,vn_sink
132,248,53036821,vn_sink
132,248,53036821,vn_sink
132,248,53036821,vn_sink
132,248,53036821,vn_sink
132,248,53036821,vn_sink
132,248,53036821,vn_sink
132,248,53036821,vn_sink
132,248,53036821,vn_sink
132,248,53036821,vn_sink
112,248,53037724,vn_sink
112,248,53037724,vn_sink
112,248,53037724,vn_sink
112,248,53037724,vn_sink
112,248,53037724,vn_sink
112,248,53037724,vn_sink
112,248,53037724,vn_sink
112,248,53037724,vn_sink
112,248,53037724,vn_sink
112,248,53037724,vn_sink
112,248,53037724,vn_sink
112,248,53037724,vn_sink
112,248,53037724,vn_sink
112,248,53037724,vn_sink
112,248,53037724,vn_sink
112,248,53037724,vn_sink
112,248,53037724,vn_sink
112,248,53037724,vn_sink
112,248,53037724,vn_sink
112,248,53037724,vn_sink
145,248,53038910,vn_sink
145,248,53038910,vn_sink
145,248,53038910,vn_sink
145,248,53038910,vn_sink
145,248,53038910,vn_sink
145,248,53038910,vn_sink
145,248,53038910,vn_sink
145,248,53038910,vn_sink
145,248,53038910,vn_sink
145,248,53038910,vn_sink
145,248,53038910,vn_sink
145,248,53038910,vn_sink
145,248,53038910,vn_sink
145,248,53038910,vn_sink
145,248,53038910,vn_sink
145,248,53038910,vn_sink
145,248,53038910,vn_sink
145,248,53038910,vn_sink
145,248,53038910,vn_sink
145,248,53038910,vn_sink
146,248,53038912,vn_sink
146,248,53038912,vn_sink
146,248,53038912,vn_sink
146,248,53038912,vn_sink
146,248,53038912,vn_sink
146,248,53038912,vn_sink
146,248,53038912,vn_sink
146,248,53038912,vn_sink
146,248,53038912,vn_sink
146,248,53038912,vn_sink
146,248,53038912,vn_sink
146,248,53038912,vn_sink
146,248,53038912,vn_sink
146,248,53038912,vn_sink
146,248,53038912,vn_sink
146,248,53038912,vn_sink
146,248,53038912,vn_sink
146,248,53038912,vn_sink
146,248,53038912,vn_sink
146,248,53038912,vn_sink
243,248,53038916_m,vn_sink
243,248,53038916_m,vn_sink
243,248,53038916_m,vn_sink
243,248,53038916_m,vn_sink
243,248,53038916_m,vn_sink
243,248,53038916_m,vn_sink
243,248,53038916_m,vn_sink
243,248,53038916_m,vn_sink
243,248,53038916_m,vn_sink
243,248,53038916_m,vn_sink
243,248,53038916_m,vn_sink
243,248,53038916_m,vn_sink
243,248,53038916_m,vn_sink
243,248,53038916_m,vn_sink
243,248,53038916_m,vn_sink
243,248,53038916_m,vn_sink
243,248,53038916_m,vn_sink
243,248,53038916_m,vn_sink
243,248,53038916_m,vn_sink
243,248,53038916_m,vn_sink
225,248,53040391_m,vn_sink
225,248,53040391_m,vn_sink
225,248,53040391_m,vn_sink
225,248,53040391_m,vn_sink
225,248,53040391_m,vn_sink
225,248,53040391_m,vn_sink
225,248,53040391_m,vn_sink
225,248,53040391_m,vn_sink
225,248,53040391_m,vn_sink
225,248,53040391_m,vn_sink
225,248,53040391_m,vn_sink
225,248,53040391_m,vn_sink
225,248,53040391_m,vn_sink
225,248,53040391_m,vn_sink
225,248,53040391_m,vn_sink
225,248,53040391_m,vn_sink
225,248,53040391_m,vn_sink
225,248,53040391_m,vn_sink
225,248,53040391_m,vn_sink
225,248,53040391_m,vn_sink
217,248,53040401_m,vn_sink
217,248,53040401_m,vn_sink
217,248,53040401_m,vn_sink
217,248,53040401_m,vn_sink
217,248,53040401_m,vn_sink
217,248,53040401_m,vn_sink
217,248,53040401_m,vn_sink
217,248,53040401_m,vn_sink
217,248,53040401_m,vn_sink
217,248,53040401_m,vn_sink
217,248,53040401_m,vn_sink
217,248,53040401_m,vn_sink
217,248,53040401_m,vn_sink
217,248,53040401_m,vn_sink
217,248,53040401_m,vn_sink
217,248,53040401_m,vn_sink
217,248,53040401_m,vn_sink
217,248,53040401_m,vn_sink
217,248,53040401_m,vn_sink
217,248,53040401_m,vn_sink
40,248,53040405,vn_sink
40,248,53040405,vn_sink
40,248,53040405,vn_sink
40,248,53040405,vn_sink
40,248,53040405,vn_sink
40,248,53040405,vn_sink
40,248,53040405,vn_sink
40,248,53040405,vn_sink
40,248,53040405,vn_sink
40,248,53040405,vn_sink
40,248,53040405,vn_sink
40,248,53040405,vn_sink
40,248,53040405,vn_sink
40,248,53040405,vn_sink
40,248,53040405,vn_sink
40,248,53040405,vn_sink
40,248,53040405,vn_sink
40,248,53040405,vn_sink
40,248,53040405,vn_sink
40,248,53040405,vn_sink
239,248,53047410_m,vn_sink
239,248,53047410_m,vn_sink
239,248,53047410_m,vn_sink
239,248,53047410_m,vn_sink
239,248,53047410_m,vn_sink
239,248,53047410_m,vn_sink
239,248,53047410_m,vn_sink
239,248,53047410_m,vn_sink
239,248,53047410_m,vn_sink
239,248,53047410_m,vn_sink
239,248,53047410_m,vn_sink
239,248,53047410_m,vn_sink
239,248,53047410_m,vn_sink
239,248,53047410_m,vn_sink
239,248,53047410_m,vn_sink
239,248,53047410_m,vn_sink
239,248,53047410_m,vn_sink
239,248,53047410_m,vn_sink
239,248,53047410_m,vn_sink
239,248,53047410_m,vn_sink
242,248,53047455_m,vn_sink
242,248,53047455_m,vn_sink
242,248,53047455_m,vn_sink
242,248,53047455_m,vn_sink
242,248,53047455_m,vn_sink
242,248,53047455_m,vn_sink
242,248,53047455_m,vn_sink
242,248,53047455_m,vn_sink
242,248,53047455_m,vn_sink
242,248,53047455_m,vn_sink
242,248,53047455_m,vn_sink
242,248,53047455_m,vn_sink
242,248,53047455_m,vn_sink
242,248,53047455_m,vn_sink
242,248,53047455_m,vn_sink
242,248,53047455_m,vn_sink
242,248,53047455_m,vn_sink
242,248,53047455_m,vn_sink
242,248,53047455_m,vn_sink
242,248,53047455_m,vn_sink
163,248,53048210,vn_sink
163,248,53048210,vn_sink
163,248,53048210,vn_sink
163,248,53048210,vn_sink
163,248,53048210,vn_sink
163,248,53048210,vn_sink
163,248,53048210,vn_sink
163,248,53048210,vn_sink
163,248,53048210,vn_sink
163,248,53048210,vn_sink
163,248,53048210,vn_sink
163,248,53048210,vn_sink
163,248,53048210,vn_sink
163,248,53048210,vn_sink
163,248,53048210,vn_sink
163,248,53048210,vn_sink
163,248,53048210,vn_sink
163,248,53048210,vn_sink
163,248,53048210,vn_sink
163,248,53048210,vn_sink
165,248,53048217,vn_sink
165,248,53048217,vn_sink
165,248,53048217,vn_sink
165,248,53048217,vn_sink
165,248,53048217,vn_sink
165,248,53048217,vn_sink
165,248,53048217,vn_sink
165,248,53048217,vn_sink
165,248,53048217,vn_sink
165,248,53048217,vn_sink
165,248,53048217,vn_sink
165,248,53048217,vn_sink
165,248,53048217,vn_sink
165,248,53048217,vn_sink
165,248,53048217,vn_sink
165,248,53048217,vn_sink
165,248,53048217,vn_sink
165,248,53048217,vn_sink
165,248,53048217,vn_sink
165,248,53048217,vn_sink
166,248,53048220,vn_sink
166,248,53048220,vn_sink
166,248,53048220,vn_sink
166,248,53048220,vn_sink
166,248,53048220,vn_sink
166,248,53048220,vn_sink
166,248,53048220,vn_sink
166,248,53048220,vn_sink
166,248,53048220,vn_sink
166,248,53048220,vn_sink
166,248,53048220,vn_sink
166,248,53048220,vn_sink
166,248,53048220,vn_sink
166,248,53048220,vn_sink
166,248,53048220,vn_sink
166,248,53048220,vn_sink
166,248,53048220,vn_sink
166,248,53048220,vn_sink
166,248,53048220,vn_sink
166,248,53048220,vn_sink
193,248,53048225_m,vn_sink
193,248,53048225_m,vn_sink
193,248,53048225_m,vn_sink
193,248,53048225_m,vn_sink
193,248,53048225_m,vn_sink
193,248,53048225_m,vn_sink
193,248,53048225_m,vn_sink
193,248,53048225_m,vn_sink
193,248,53048225_m,vn_sink
193,248,53048225_m,vn_sink
193,248,53048225_m,vn_sink
193,248,53048225_m,vn_sink
193,248,53048225_m,vn_sink
193,248,53048225_m,vn_sink
193,248,53048225_m,vn_sink
193,248,53048225_m,vn_sink
193,248,53048225_m,vn_sink
193,248,53048225_m,vn_sink
193,248,53048225_m,vn_sink
193,248,53048225_m,vn_sink
223,248,53054947_m,vn_sink
223,248,53054947_m,vn_sink
223,248,53054947_m,vn_sink
223,248,53054947_m,vn_sink
223,248,53054947_m,vn_sink
223,248,53054947_m,vn_sink
223,248,53054947_m,vn_sink
223,248,53054947_m,vn_sink
223,248,53054947_m,vn_sink
223,248,53054947_m,vn_sink
223,248,53054947_m,vn_sink
223,248,53054947_m,vn_sink
223,248,53054947_m,vn_sink
223,248,53054947_m,vn_sink
223,248,53054947_m,vn_sink
223,248,53054947_m,vn_sink
223,248,53054947_m,vn_sink
223,248,53054947_m,vn_sink
223,248,53054947_m,vn_sink
223,248,53054947_m,vn_sink
63,248,53054953,vn_sink
63,248,53054953,vn_sink
63,248,53054953,vn_sink
63,248,53054953,vn_sink
63,248,53054953,vn_sink
63,248,53054953,vn_sink
63,248,53054953,vn_sink
63,248,53054953,vn_sink
63,248,53054953,vn_sink
63,248,53054953,vn_sink
63,248,53054953,vn_sink
63,248,53054953,vn_sink
63,248,53054953,vn_sink
63,248,53054953,vn_sink
63,248,53054953,vn_sink
63,248,53054953,vn_sink
63,248,53054953,vn_sink
63,248,53054953,vn_sink
63,248,53054953,vn_sink
63,248,53054953,vn_sink
64,248,53054961,vn_sink
64,248,53054961,vn_sink
64,248,53054961,vn_sink
64,248,53054961,vn_sink
64,248,53054961,vn_sink
64,248,53054961,vn_sink
64,248,53054961,vn_sink
64,248,53054961,vn_sink
64,248,53054961,vn_sink
64,248,53054961,vn_sink
64,248,53054961,vn_sink
64,248,53054961,vn_sink
64,248,53054961,vn_sink
64,248,53054961,vn_sink
64,248,53054961,vn_sink
64,248,53054961,vn_sink
64,248,53054961,vn_sink
64,248,53054961,vn_sink
64,248,53054961,vn_sink
64,248,53054961,vn_sink
68,248,53054966,vn_sink
68,248,53054966,vn_sink
68,248,53054966,vn_sink
68,248,53054966,vn_sink
68,248,53054966,vn_sink
68,248,53054966,vn_sink
68,248,53054966,vn_sink
68,248,53054966,vn_sink
68,248,53054966,vn_sink
68,248,53054966,vn_sink
68,248,53054966,vn_sink
68,248,53054966,vn_sink
68,248,53054966,vn_sink
68,248,53054966,vn_sink
68,248,53054966,vn_sink
68,248,53054966,vn_sink
68,248,53054966,vn_sink
68,248,53054966,vn_sink
68,248,53054966,vn_sink
68,248,53054966,vn_sink
25,248,53055699,vn_sink
25,248,53055699,vn_sink
25,248,53055699,vn_sink
25,248,53055699,vn_sink
25,248,53055699,vn_sink
25,248,53055699,vn_sink
25,248,53055699,vn_sink
25,248,53055699,vn_sink
25,248,53055699,vn_sink
25,248,53055699,vn_sink
25,248,53055699,vn_sink
25,248,53055699,vn_sink
25,248,53055699,vn_sink
25,248,53055699,vn_sink
25,248,53055699,vn_sink
25,248,53055699,vn_sink
25,248,53055699,vn_sink
25,248,53055699,vn_sink
25,248,53055699,vn_sink
25,248,53055699,vn_sink
26,248,53055700,vn_sink
26,248,53055700,vn_sink
26,248,53055700,vn_sink
26,248,53055700,vn_sink
26,248,53055700,vn_sink
26,248,53055700,vn_sink
26,248,53055700,vn_sink
26,248,53055700,vn_sink
26,248,53055700,vn_sink
26,248,53055700,vn_sink
26,248,53055700,vn_sink
26,248,53055700,vn_sink
26,248,53055700,vn_sink
26,248,53055700,vn_sink
26,248,53055700,vn_sink
26,248,53055700,vn_sink
26,248,53055700,vn_sink
26,248,53055700,vn_sink
26,248,53055700,vn_sink
26,248,53055700,vn_sink
154,248,53056365,vn_sink
154,248,53056365,vn_sink
154,248,53056365,vn_sink
154,248,53056365,vn_sink
154,248,53056365,vn_sink
154,248,53056365,vn_sink
154,248,53056365,vn_sink
154,248,53056365,vn_sink
154,248,53056365,vn_sink
154,248,53056365,vn_sink
154,248,53056365,vn_sink
154,248,53056365,vn_sink
154,248,53056365,vn_sink
154,248,53056365,vn_sink
154,248,53056365,vn_sink
154,248,53056365,vn_sink
154,248,53056365,vn_sink
154,248,53056365,vn_sink
154,248,53056365,vn_sink
154,248,53056365,vn_sink
155,248,53056367,vn_sink
155,248,53056367,vn_sink
155,248,53056367,vn_sink
155,248,53056367,vn_sink
155,248,53056367,vn_sink
155,248,53056367,vn_sink
155,248,53056367,vn_sink
155,248,53056367,vn_sink
155,248,53056367,vn_sink
155,248,53056367,vn_sink
155,248,53056367,vn_sink
155,248,53056367,vn_sink
155,248,53056367,vn_sink
155,248,53056367,vn_sink
155,248,53056367,vn_sink
155,248,53056367,vn_sink
155,248,53056367,vn_sink
155,248,53056367,vn_sink
155,248,53056367,vn_sink
155,248,53056367,vn_sink
157,248,53056369,vn_sink
157,248,53056369,vn_sink
157,248,53056369,vn_sink
157,248,53056369,vn_sink
157,248,53056369,vn_sink
157,248,53056369,vn_sink
157,248,53056369,vn_sink
157,248,53056369,vn_sink
157,248,53056369,vn_sink
157,248,53056369,vn_sink
157,248,53056369,vn_sink
157,248,53056369,vn_sink
157,248,53056369,vn_sink
157,248,53056369,vn_sink
157,248,53056369,vn_sink
157,248,53056369,vn_sink
157,248,53056369,vn_sink
157,248,53056369,vn_sink
157,248,53056369,vn_sink
157,248,53056369,vn_sink
158,248,53056371,vn_sink
158,248,53056371,vn_sink
158,248,53056371,vn_sink
158,248,53056371,vn_sink
158,248,53056371,vn_sink
158,248,53056371,vn_sink
158,248,53056371,vn_sink
158,248,53056371,vn_sink
158,248,53056371,vn_sink
158,248,53056371,vn_sink
158,248,53056371,vn_sink
158,248,53056371,vn_sink
158,248,53056371,vn_sink
158,248,53056371,vn_sink
158,248,53056371,vn_sink
158,248,53056371,vn_sink
158,248,53056371,vn_sink
158,248,53056371,vn_sink
158,248,53056371,vn_sink
158,248,53056371,vn_sink
190,248,53056374_m,vn_sink
190,248,53056374_m,vn_sink
190,248,53056374_m,vn_sink
190,248,53056374_m,vn_sink
190,248,53056374_m,vn_sink
190,248,53056374_m,vn_sink
190,248,53056374_m,vn_sink
190,248,53056374_m,vn_sink
190,248,53056374_m,vn_sink
190,248,53056374_m,vn_sink
190,248,53056374_m,vn_sink
190,248,53056374_m,vn_sink
190,248,53056374_m,vn_sink
190,248,53056374_m,vn_sink
190,248,53056374_m,vn_sink
190,248,53056374_m,vn_sink
190,248,53056374_m,vn_sink
190,248,53056374_m,vn_sink
190,248,53056374_m,vn_sink
190,248,53056374_m,vn_sink
7,248,53057618,vn_sink
7,248,53057618,vn_sink
7,248,53057618,vn_sink
7,248,53057618,vn_sink
7,248,53057618,vn_sink
7,248,53057618,vn_sink
7,248,53057618,vn_sink
7,248,53057618,vn_sink
7,248,53057618,vn_sink
7,248,53057618,vn_sink
7,248,53057618,vn_sink
7,248,53057618,vn_sink
7,248,53057618,vn_sink
7,248,53057618,vn_sink
7,248,53057618,vn_sink
7,248,53057618,vn_sink
7,248,53057618,vn_sink
7,248,53057618,vn_sink
7,248,53057618,vn_sink
7,248,53057618,vn_sink
8,248,53057620,vn_sink
8,248,53057620,vn_sink
8,248,53057620,vn_sink
8,248,53057620,vn_sink
8,248,53057620,vn_sink
8,248,53057620,vn_sink
8,248,53057620,vn_sink
8,248,53057620,vn_sink
8,248,53057620,vn_sink
8,248,53057620,vn_sink
8,248,53057620,vn_sink
8,248,53057620,vn_sink
8,248,53057620,vn_sink
8,248,53057620,vn_sink
8,248,53057620,vn_sink
8,248,53057620,vn_sink
8,248,53057620,vn_sink
8,248,53057620,vn_sink
8,248,53057620,vn_sink
8,248,53057620,vn_sink
1,248,53058576,vn_sink
1,248,53058576,vn_sink
1,248,53058576,vn_sink
1,248,53058576,vn_sink
1,248,53058576,vn_sink
1,248,53058576,vn_sink
1,248,53058576,vn_sink
1,248,53058576,vn_sink
1,248,53058576,vn_sink
1,248,53058576,vn_sink
1,248,53058576,vn_sink
1,248,53058576,vn_sink
1,248,53058576,vn_sink
1,248,53058576,vn_sink
1,248,53058576,vn_sink
1,248,53058576,vn_sink
1,248,53058576,vn_sink
1,248,53058576,vn_sink
1,248,53058576,vn_sink
1,248,53058576,vn_sink
211,248,53058899_m,vn_sink
211,248,53058899_m,vn_sink
211,248,53058899_m,vn_sink
211,248,53058899_m,vn_sink
211,248,53058899_m,vn_sink
211,248,53058899_m,vn_sink
211,248,53058899_m,vn_sink
211,248,53058899_m,vn_sink
211,248,53058899_m,vn_sink
211,248,53058899_m,vn_sink
211,248,53058899_m,vn_sink
211,248,53058899_m,vn_sink
211,248,53058899_m,vn_sink
211,248,53058899_m,vn_sink
211,248,53058899_m,vn_sink
211,248,53058899_m,vn_sink
211,248,53058899_m,vn_sink
211,248,53058899_m,vn_sink
211,248,53058899_m,vn_sink
211,248,53058899_m,vn_sink
70,248,53060110,vn_sink
70,248,53060110,vn_sink
70,248,53060110,vn_sink
70,248,53060110,vn_sink
70,248,53060110,vn_sink
70,248,53060110,vn_sink
70,248,53060110,vn_sink
70,248,53060110,vn_sink
70,248,53060110,vn_sink
70,248,53060110,vn_sink
70,248,53060110,vn_sink
70,248,53060110,vn_sink
70,248,53060110,vn_sink
70,248,53060110,vn_sink
70,248,53060110,vn_sink
70,248,53060110,vn_sink
70,248,53060110,vn_sink
70,248,53060110,vn_sink
70,248,53060110,vn_sink
70,248,53060110,vn_sink
71,248,53060111,vn_sink
71,248,53060111,vn_sink
71,248,53060111,vn_sink
71,248,53060111,vn_sink
71,248,53060111,vn_sink
71,248,53060111,vn_sink
71,248,53060111,vn_sink
71,248,53060111,vn_sink
71,248,53060111,vn_sink
71,248,53060111,vn_sink
71,248,53060111,vn_sink
71,248,53060111,vn_sink
71,248,53060111,vn_sink
71,248,53060111,vn_sink
71,248,53060111,vn_sink
71,248,53060111,vn_sink
71,248,53060111,vn_sink
71,248,53060111,vn_sink
71,248,53060111,vn_sink
71,248,53060111,vn_sink
230,248,53060166_m,vn_sink
230,248,53060166_m,vn_sink
230,248,53060166_m,vn_sink
230,248,53060166_m,vn_sink
230,248,53060166_m,vn_sink
230,248,53060166_m,vn_sink
230,248,53060166_m,vn_sink
230,248,53060166_m,vn_sink
230,248,53060166_m,vn_sink
230,248,53060166_m,vn_sink
230,248,53060166_m,vn_sink
230,248,53060166_m,vn_sink
230,248,53060166_m,vn_sink
230,248,53060166_m,vn_sink
230,248,53060166_m,vn_sink
230,248,53060166_m,vn_sink
230,248,53060166_m,vn_sink
230,248,53060166_m,vn_sink
230,248,53060166_m,vn_sink
230,248,53060166_m,vn_sink
69,248,53061113,vn_sink
69,248,53061113,vn_sink
69,248,53061113,vn_sink
69,248,53061113,vn_sink
69,248,53061113,vn_sink
69,248,53061113,vn_sink
69,248,53061113,vn_sink
69,248,53061113,vn_sink
69,248,53061113,vn_sink
69,248,53061113,vn_sink
69,248,53061113,vn_sink
69,248,53061113,vn_sink
69,248,53061113,vn_sink
69,248,53061113,vn_sink
69,248,53061113,vn_sink
69,248,53061113,vn_sink
69,248,53061113,vn_sink
69,248,53061113,vn_sink
69,248,53061113,vn_sink
69,248,53061113,vn_sink
237,248,53061182_m,vn_sink
237,248,53061182_m,vn_sink
237,248,53061182_m,vn_sink
237,248,53061182_m,vn_sink
237,248,53061182_m,vn_sink
237,248,53061182_m,vn_sink
237,248,53061182_m,vn_sink
237,248,53061182_m,vn_sink
237,248,53061182_m,vn_sink
237,248,53061182_m,vn_sink
237,248,53061182_m,vn_sink
237,248,53061182_m,vn_sink
237,248,53061182_m,vn_sink
237,248,53061182_m,vn_sink
237,248,53061182_m,vn_sink
237,248,53061182_m,vn_sink
237,248,53061182_m,vn_sink
237,248,53061182_m,vn_sink
237,248,53061182_m,vn_sink
237,248,53061182_m,vn_sink
88,248,53061184,vn_sink
88,248,53061184,vn_sink
88,248,53061184,vn_sink
88,248,53061184,vn_sink
88,248,53061184,vn_sink
88,248,53061184,vn_sink
88,248,53061184,vn_sink
88,248,53061184,vn_sink
88,248,53061184,vn_sink
88,248,53061184,vn_sink
88,248,53061184,vn_sink
88,248,53061184,vn_sink
88,248,53061184,vn_sink
88,248,53061184,vn_sink
88,248,53061184,vn_sink
88,248,53061184,vn_sink
88,248,53061184,vn_sink
88,248,53061184,vn_sink
88,248,53061184,vn_sink
88,248,53061184,vn_sink
90,248,53061185,vn_sink
90,248,53061185,vn_sink
90,248,53061185,vn_sink
90,248,53061185,vn_sink
90,248,53061185,vn_sink
90,248,53061185,vn_sink
90,248,53061185,vn_sink
90,248,53061185,vn_sink
90,248,53061185,vn_sink
90,248,53061185,vn_sink
90,248,53061185,vn_sink
90,248,53061185,vn_sink
90,248,53061185,vn_sink
90,248,53061185,vn_sink
90,248,53061185,vn_sink
90,248,53061185,vn_sink
90,248,53061185,vn_sink
90,248,53061185,vn_sink
90,248,53061185,vn_sink
90,248,53061185,vn_sink
91,248,53061189,vn_sink
91,248,53061189,vn_sink
91,248,53061189,vn_sink
91,248,53061189,vn_sink
91,248,53061189,vn_sink
91,248,53061189,vn_sink
91,248,53061189,vn_sink
91,248,53061189,vn_sink
91,248,53061189,vn_sink
91,248,53061189,vn_sink
91,248,53061189,vn_sink
91,248,53061189,vn_sink
91,248,53061189,vn_sink
91,248,53061189,vn_sink
91,248,53061189,vn_sink
91,248,53061189,vn_sink
91,248,53061189,vn_sink
91,248,53061189,vn_sink
91,248,53061189,vn_sink
91,248,53061189,vn_sink
92,248,53061195,vn_sink
92,248,53061195,vn_sink
92,248,53061195,vn_sink
92,248,53061195,vn_sink
92,248,53061195,vn_sink
92,248,53061195,vn_sink
92,248,53061195,vn_sink
92,248,53061195,vn_sink
92,248,53061195,vn_sink
92,248,53061195,vn_sink
92,248,53061195,vn_sink
92,248,53061195,vn_sink
92,248,53061195,vn_sink
92,248,53061195,vn_sink
92,248,53061195,vn_sink
92,248,53061195,vn_sink
92,248,53061195,vn_sink
92,248,53061195,vn_sink
92,248,53061195,vn_sink
92,248,53061195,vn_sink
12,248,53062745,vn_sink
12,248,53062745,vn_sink
12,248,53062745,vn_sink
12,248,53062745,vn_sink
12,248,53062745,vn_sink
12,248,53062745,vn_sink
12,248,53062745,vn_sink
12,248,53062745,vn_sink
12,248,53062745,vn_sink
12,248,53062745,vn_sink
12,248,53062745,vn_sink
12,248,53062745,vn_sink
12,248,53062745,vn_sink
12,248,53062745,vn_sink
12,248,53062745,vn_sink
12,248,53062745,vn_sink
12,248,53062745,vn_sink
12,248,53062745,vn_sink
12,248,53062745,vn_sink
12,248,53062745,vn_sink
31,248,53063915,vn_sink
31,248,53063915,vn_sink
31,248,53063915,vn_sink
31,248,53063915,vn_sink
31,248,53063915,vn_sink
31,248,53063915,vn_sink
31,248,53063915,vn_sink
31,248,53063915,vn_sink
31,248,53063915,vn_sink
31,248,53063915,vn_sink
31,248,53063915,vn_sink
31,248,53063915,vn_sink
31,248,53063915,vn_sink
31,248,53063915,vn_sink
31,248,53063915,vn_sink
31,248,53063915,vn_sink
31,248,53063915,vn_sink
31,248,53063915,vn_sink
31,248,53063915,vn_sink
31,248,53063915,vn_sink
32,248,53063917,vn_sink
32,248,53063917,vn_sink
32,248,53063917,vn_sink
32,248,53063917,vn_sink
32,248,53063917,vn_sink
32,248,53063917,vn_sink
32,248,53063917,vn_sink
32,248,53063917,vn_sink
32,248,53063917,vn_sink
32,248,53063917,vn_sink
32,248,53063917,vn_sink
32,248,53063917,vn_sink
32,248,53063917,vn_sink
32,248,53063917,vn_sink
32,248,53063917,vn_sink
32,248,53063917,vn_sink
32,248,53063917,vn_sink
32,248,53063917,vn_sink
32,248,53063917,vn_sink
32,248,53063917,vn_sink
33,248,53063927,vn_sink
33,248,53063927,vn_sink
33,248,53063927,vn_sink
33,248,53063927,vn_sink
33,248,53063927,vn_sink
33,248,53063927,vn_sink
33,248,53063927,vn_sink
33,248,53063927,vn_sink
33,248,53063927,vn_sink
33,248,53063927,vn_sink
33,248,53063927,vn_sink
33,248,53063927,vn_sink
33,248,53063927,vn_sink
33,248,53063927,vn_sink
33,248,53063927,vn_sink
33,248,53063927,vn_sink
33,248,53063927,vn_sink
33,248,53063927,vn_sink
33,248,53063927,vn_sink
33,248,53063927,vn_sink
34,248,53063931,vn_sink
34,248,53063931,vn_sink
34,248,53063931,vn_sink
34,248,53063931,vn_sink
34,248,53063931,vn_sink
34,248,53063931,vn_sink
34,248,53063931,vn_sink
34,248,53063931,vn_sink
34,248,53063931,vn_sink
34,248,53063931,vn_sink
34,248,53063931,vn_sink
34,248,53063931,vn_sink
34,248,53063931,vn_sink
34,248,53063931,vn_sink
34,248,53063931,vn_sink
34,248,53063931,vn_sink
34,248,53063931,vn_sink
34,248,53063931,vn_sink
34,248,53063931,vn_sink
34,248,53063931,vn_sink
232,248,53063935_m,vn_sink
232,248,53063935_m,vn_sink
232,248,53063935_m,vn_sink
232,248,53063935_m,vn_sink
232,248,53063935_m,vn_sink
232,248,53063935_m,vn_sink
232,248,53063935_m,vn_sink
232,248,53063935_m,vn_sink
232,248,53063935_m,vn_sink
232,248,53063935_m,vn_sink
232,248,53063935_m,vn_sink
232,248,53063935_m,vn_sink
232,248,53063935_m,vn_sink
232,248,53063935_m,vn_sink
232,248,53063935_m,vn_sink
232,248,53063935_m,vn_sink
232,248,53063935_m,vn_sink
232,248,53063935_m,vn_sink
232,248,53063935_m,vn_sink
232,248,53063935_m,vn_sink
35,248,53063939,vn_sink
35,248,53063939,vn_sink
35,248,53063939,vn_sink
35,248,53063939,vn_sink
35,248,53063939,vn_sink
35,248,53063939,vn_sink
35,248,53063939,vn_sink
35,248,53063939,vn_sink
35,248,53063939,vn_sink
35,248,53063939,vn_sink
35,248,53063939,vn_sink
35,248,53063939,vn_sink
35,248,53063939,vn_sink
35,248,53063939,vn_sink
35,248,53063939,vn_sink
35,248,53063939,vn_sink
35,248,53063939,vn_sink
35,248,53063939,vn_sink
35,248,53063939,vn_sink
35,248,53063939,vn_sink
194,248,53063945_m,vn_sink
194,248,53063945_m,vn_sink
194,248,53063945_m,vn_sink
194,248,53063945_m,vn_sink
194,248,53063945_m,vn_sink
194,248,53063945_m,vn_sink
194,248,53063945_m,vn_sink
194,248,53063945_m,vn_sink
194,248,53063945_m,vn_sink
194,248,53063945_m,vn_sink
194,248,53063945_m,vn_sink
194,248,53063945_m,vn_sink
194,248,53063945_m,vn_sink
194,248,53063945_m,vn_sink
194,248,53063945_m,vn_sink
194,248,53063945_m,vn_sink
194,248,53063945_m,vn_sink
194,248,53063945_m,vn_sink
194,248,53063945_m,vn_sink
194,248,53063945_m,vn_sink
222,248,53063951_m,vn_sink
222,248,53063951_m,vn_sink
222,248,53063951_m,vn_sink
222,248,53063951_m,vn_sink
222,248,53063951_m,vn_sink
222,248,53063951_m,vn_sink
222,248,53063951_m,vn_sink
222,248,53063951_m,vn_sink
222,248,53063951_m,vn_sink
222,248,53063951_m,vn_sink
222,248,53063951_m,vn_sink
222,248,53063951_m,vn_sink
222,248,53063951_m,vn_sink
222,248,53063951_m,vn_sink
222,248,53063951_m,vn_sink
222,248,53063951_m,vn_sink
222,248,53063951_m,vn_sink
222,248,53063951_m,vn_sink
222,248,53063951_m,vn_sink
222,248,53063951_m,vn_sink
27,248,53075161,vn_sink
27,248,53075161,vn_sink
27,248,53075161,vn_sink
27,248,53075161,vn_sink
27,248,53075161,vn_sink
27,248,53075161,vn_sink
27,248,53075161,vn_sink
27,248,53075161,vn_sink
27,248,53075161,vn_sink
27,248,53075161,vn_sink
27,248,53075161,vn_sink
27,248,53075161,vn_sink
27,248,53075161,vn_sink
27,248,53075161,vn_sink
27,248,53075161,vn_sink
27,248,53075161,vn_sink
27,248,53075161,vn_sink
27,248,53075161,vn_sink
27,248,53075161,vn_sink
27,248,53075161,vn_sink
153,248,53075819,vn_sink
153,248,53075819,vn_sink
153,248,53075819,vn_sink
153,248,53075819,vn_sink
153,248,53075819,vn_sink
153,248,53075819,vn_sink
153,248,53075819,vn_sink
153,248,53075819,vn_sink
153,248,53075819,vn_sink
153,248,53075819,vn_sink
153,248,53075819,vn_sink
153,248,53075819,vn_sink
153,248,53075819,vn_sink
153,248,53075819,vn_sink
153,248,53075819,vn_sink
153,248,53075819,vn_sink
153,248,53075819,vn_sink
153,248,53075819,vn_sink
153,248,53075819,vn_sink
153,248,53075819,vn_sink
184,248,53075820_m,vn_sink
184,248,53075820_m,vn_sink
184,248,53075820_m,vn_sink
184,248,53075820_m,vn_sink
184,248,53075820_m,vn_sink
184,248,53075820_m,vn_sink
184,248,53075820_m,vn_sink
184,248,53075820_m,vn_sink
184,248,53075820_m,vn_sink
184,248,53075820_m,vn_sink
184,248,53075820_m,vn_sink
184,248,53075820_m,vn_sink
184,248,53075820_m,vn_sink
184,248,53075820_m,vn_sink
184,248,53075820_m,vn_sink
184,248,53075820_m,vn_sink
184,248,53075820_m,vn_sink
184,248,53075820_m,vn_sink
184,248,53075820_m,vn_sink
184,248,53075820_m,vn_sink
156,248,53075823,vn_sink
156,248,53075823,vn_sink
156,248,53075823,vn_sink
156,248,53075823,vn_sink
156,248,53075823,vn_sink
156,248,53075823,vn_sink
156,248,53075823,vn_sink
156,248,53075823,vn_sink
156,248,53075823,vn_sink
156,248,53075823,vn_sink
156,248,53075823,vn_sink
156,248,53075823,vn_sink
156,248,53075823,vn_sink
156,248,53075823,vn_sink
156,248,53075823,vn_sink
156,248,53075823,vn_sink
156,248,53075823,vn_sink
156,248,53075823,vn_sink
156,248,53075823,vn_sink
156,248,53075823,vn_sink
162,248,53075856,vn_sink
162,248,53075856,vn_sink
162,248,53075856,vn_sink
162,248,53075856,vn_sink
162,248,53075856,vn_sink
162,248,53075856,vn_sink
162,248,53075856,vn_sink
162,248,53075856,vn_sink
162,248,53075856,vn_sink
162,248,53075856,vn_sink
162,248,53075856,vn_sink
162,248,53075856,vn_sink
162,248,53075856,vn_sink
162,248,53075856,vn_sink
162,248,53075856,vn_sink
162,248,53075856,vn_sink
162,248,53075856,vn_sink
162,248,53075856,vn_sink
162,248,53075856,vn_sink
162,248,53075856,vn_sink
164,248,53075863,vn_sink
164,248,53075863,vn_sink
164,248,53075863,vn_sink
164,248,53075863,vn_sink
164,248,53075863,vn_sink
164,248,53075863,vn_sink
164,248,53075863,vn_sink
164,248,53075863,vn_sink
164,248,53075863,vn_sink
164,248,53075863,vn_sink
164,248,53075863,vn_sink
164,248,53075863,vn_sink
164,248,53075863,vn_sink
164,248,53075863,vn_sink
164,248,53075863,vn_sink
164,248,53075863,vn_sink
164,248,53075863,vn_sink
164,248,53075863,vn_sink
164,248,53075863,vn_sink
164,248,53075863,vn_sink
189,248,53075867_m,vn_sink
189,248,53075867_m,vn_sink
189,248,53075867_m,vn_sink
189,248,53075867_m,vn_sink
189,248,53075867_m,vn_sink
189,248,53075867_m,vn_sink
189,248,53075867_m,vn_sink
189,248,53075867_m,vn_sink
189,248,53075867_m,vn_sink
189,248,53075867_m,vn_sink
189,248,53075867_m,vn_sink
189,248,53075867_m,vn_sink
189,248,53075867_m,vn_sink
189,248,53075867_m,vn_sink
189,248,53075867_m,vn_sink
189,248,53075867_m,vn_sink
189,248,53075867_m,vn_sink
189,248,53075867_m,vn_sink
189,248,53075867_m,vn_sink
189,248,53075867_m,vn_sink
192,248,53075875_m,vn_sink
192,248,53075875_m,vn_sink
192,248,53075875_m,vn_sink
192,248,53075875_m,vn_sink
192,248,53075875_m,vn_sink
192,248,53075875_m,vn_sink
192,248,53075875_m,vn_sink
192,248,53075875_m,vn_sink
192,248,53075875_m,vn_sink
192,248,53075875_m,vn_sink
192,248,53075875_m,vn_sink
192,248,53075875_m,vn_sink
192,248,53075875_m,vn_sink
192,248,53075875_m,vn_sink
192,248,53075875_m,vn_sink
192,248,53075875_m,vn_sink
192,248,53075875_m,vn_sink
192,248,53075875_m,vn_sink
192,248,53075875_m,vn_sink
192,248,53075875_m,vn_sink
191,248,53075877_m,vn_sink
191,248,53075877_m,vn_sink
191,248,53075877_m,vn_sink
191,248,53075877_m,vn_sink
191,248,53075877_m,vn_sink
191,248,53075877_m,vn_sink
191,248,53075877_m,vn_sink
191,248,53075877_m,vn_sink
191,248,53075877_m,vn_sink
191,248,53075877_m,vn_sink
191,248,53075877_m,vn_sink
191,248,53075877_m,vn_sink
191,248,53075877_m,vn_sink
191,248,53075877_m,vn_sink
191,248,53075877_m,vn_sink
191,248,53075877_m,vn_sink
191,248,53075877_m,vn_sink
191,248,53075877_m,vn_sink
191,248,53075877_m,vn_sink
191,248,53075877_m,vn_sink
44,248,53078342,vn_sink
44,248,53078342,vn_sink
44,248,53078342,vn_sink
44,248,53078342,vn_sink
44,248,53078342,vn_sink
44,248,53078342,vn_sink
44,248,53078342,vn_sink
44,248,53078342,vn_sink
44,248,53078342,vn_sink
44,248,53078342,vn_sink
44,248,53078342,vn_sink
44,248,53078342,vn_sink
44,248,53078342,vn_sink
44,248,53078342,vn_sink
44,248,53078342,vn_sink
44,248,53078342,vn_sink
44,248,53078342,vn_sink
44,248,53078342,vn_sink
44,248,53078342,vn_sink
44,248,53078342,vn_sink
130,248,53080854,vn_sink
130,248,53080854,vn_sink
130,248,53080854,vn_sink
130,248,53080854,vn_sink
130,248,53080854,vn_sink
130,248,53080854,vn_sink
130,248,53080854,vn_sink
130,248,53080854,vn_sink
130,248,53080854,vn_sink
130,248,53080854,vn_sink
130,248,53080854,vn_sink
130,248,53080854,vn_sink
130,248,53080854,vn_sink
130,248,53080854,vn_sink
130,248,53080854,vn_sink
130,248,53080854,vn_sink
130,248,53080854,vn_sink
130,248,53080854,vn_sink
130,248,53080854,vn_sink
130,248,53080854,vn_sink
141,248,53080872,vn_sink
141,248,53080872,vn_sink
141,248,53080872,vn_sink
141,248,53080872,vn_sink
141,248,53080872,vn_sink
141,248,53080872,vn_sink
141,248,53080872,vn_sink
141,248,53080872,vn_sink
141,248,53080872,vn_sink
141,248,53080872,vn_sink
141,248,53080872,vn_sink
141,248,53080872,vn_sink
141,248,53080872,vn_sink
141,248,53080872,vn_sink
141,248,53080872,vn_sink
141,248,53080872,vn_sink
141,248,53080872,vn_sink
141,248,53080872,vn_sink
141,248,53080872,vn_sink
141,248,53080872,vn_sink
227,248,53081635_m,vn_sink
227,248,53081635_m,vn_sink
227,248,53081635_m,vn_sink
227,248,53081635_m,vn_sink
227,248,53081635_m,vn_sink
227,248,53081635_m,vn_sink
227,248,53081635_m,vn_sink
227,248,53081635_m,vn_sink
227,248,53081635_m,vn_sink
227,248,53081635_m,vn_sink
227,248,53081635_m,vn_sink
227,248,53081635_m,vn_sink
227,248,53081635_m,vn_sink
227,248,53081635_m,vn_sink
227,248,53081635_m,vn_sink
227,248,53081635_m,vn_sink
227,248,53081635_m,vn_sink
227,248,53081635_m,vn_sink
227,248,53081635_m,vn_sink
227,248,53081635_m,vn_sink
15,248,53082217,vn_sink
15,248,53082217,vn_sink
15,248,53082217,vn_sink
15,248,53082217,vn_sink
15,248,53082217,vn_sink
15,248,53082217,vn_sink
15,248,53082217,vn_sink
15,248,53082217,vn_sink
15,248,53082217,vn_sink
15,248,53082217,vn_sink
15,248,53082217,vn_sink
15,248,53082217,vn_sink
15,248,53082217,vn_sink
15,248,53082217,vn_sink
15,248,53082217,vn_sink
15,248,53082217,vn_sink
15,248,53082217,vn_sink
15,248,53082217,vn_sink
15,248,53082217,vn_sink
15,248,53082217,vn_sink
24,248,53082312,vn_sink
24,248,53082312,vn_sink
24,248,53082312,vn_sink
24,248,53082312,vn_sink
24,248,53082312,vn_sink
24,248,53082312,vn_sink
24,248,53082312,vn_sink
24,248,53082312,vn_sink
24,248,53082312,vn_sink
24,248,53082312,vn_sink
24,248,53082312,vn_sink
24,248,53082312,vn_sink
24,248,53082312,vn_sink
24,248,53082312,vn_sink
24,248,53082312,vn_sink
24,248,53082312,vn_sink
24,248,53082312,vn_sink
24,248,53082312,vn_sink
24,248,53082312,vn_sink
24,248,53082312,vn_sink
220,248,53082385_m,vn_sink
220,248,53082385_m,vn_sink
220,248,53082385_m,vn_sink
220,248,53082385_m,vn_sink
220,248,53082385_m,vn_sink
220,248,53082385_m,vn_sink
220,248,53082385_m,vn_sink
220,248,53082385_m,vn_sink
220,248,53082385_m,vn_sink
220,248,53082385_m,vn_sink
220,248,53082385_m,vn_sink
220,248,53082385_m,vn_sink
220,248,53082385_m,vn_sink
220,248,53082385_m,vn_sink
220,248,53082385_m,vn_sink
220,248,53082385_m,vn_sink
220,248,53082385_m,vn_sink
220,248,53082385_m,vn_sink
220,248,53082385_m,vn_sink
220,248,53082385_m,vn_sink
236,248,53085848_m,vn_sink
236,248,53085848_m,vn_sink
236,248,53085848_m,vn_sink
236,248,53085848_m,vn_sink
236,248,53085848_m,vn_sink
236,248,53085848_m,vn_sink
236,248,53085848_m,vn_sink
236,248,53085848_m,vn_sink
236,248,53085848_m,vn_sink
236,248,53085848_m,vn_sink
236,248,53085848_m,vn_sink
236,248,53085848_m,vn_sink
236,248,53085848_m,vn_sink
236,248,53085848_m,vn_sink
236,248,53085848_m,vn_sink
236,248,53085848_m,vn_sink
236,248,53085848_m,vn_sink
236,248,53085848_m,vn_sink
236,248,53085848_m,vn_sink
236,248,53085848_m,vn_sink
176,248,53087209,vn_sink
176,248,53087209,vn_sink
176,248,53087209,vn_sink
176,248,53087209,vn_sink
176,248,53087209,vn_sink
176,248,53087209,vn_sink
176,248,53087209,vn_sink
176,248,53087209,vn_sink
176,248,53087209,vn_sink
176,248,53087209,vn_sink
176,248,53087209,vn_sink
176,248,53087209,vn_sink
176,248,53087209,vn_sink
176,248,53087209,vn_sink
176,248,53087209,vn_sink
176,248,53087209,vn_sink
176,248,53087209,vn_sink
176,248,53087209,vn_sink
176,248,53087209,vn_sink
176,248,53087209,vn_sink
147,248,53094210,vn_sink
147,248,53094210,vn_sink
147,248,53094210,vn_sink
147,248,53094210,vn_sink
147,248,53094210,vn_sink
147,248,53094210,vn_sink
147,248,53094210,vn_sink
147,248,53094210,vn_sink
147,248,53094210,vn_sink
147,248,53094210,vn_sink
147,248,53094210,vn_sink
147,248,53094210,vn_sink
147,248,53094210,vn_sink
147,248,53094210,vn_sink
147,248,53094210,vn_sink
147,248,53094210,vn_sink
147,248,53094210,vn_sink
147,248,53094210,vn_sink
147,248,53094210,vn_sink
147,248,53094210,vn_sink
36,248,53095692,vn_sink
36,248,53095692,vn_sink
36,248,53095692,vn_sink
36,248,53095692,vn_sink
36,248,53095692,vn_sink
36,248,53095692,vn_sink
36,248,53095692,vn_sink
36,248,53095692,vn_sink
36,248,53095692,vn_sink
36,248,53095692,vn_sink
36,248,53095692,vn_sink
36,248,53095692,vn_sink
36,248,53095692,vn_sink
36,248,53095692,vn_sink
36,248,53095692,vn_sink
36,248,53095692,vn_sink
36,248,53095692,vn_sink
36,248,53095692,vn_sink
36,248,53095692,vn_sink
36,248,53095692,vn_sink
117,248,53096103,vn_sink
117,248,53096103,vn_sink
117,248,53096103,vn_sink
117,248,53096103,vn_sink
117,248,53096103,vn_sink
117,248,53096103,vn_sink
117,248,53096103,vn_sink
117,248,53096103,vn_sink
117,248,53096103,vn_sink
117,248,53096103,vn_sink
117,248,53096103,vn_sink
117,248,53096103,vn_sink
117,248,53096103,vn_sink
117,248,53096103,vn_sink
117,248,53096103,vn_sink
117,248,53096103,vn_sink
117,248,53096103,vn_sink
117,248,53096103,vn_sink
117,248,53096103,vn_sink
117,248,53096103,vn_sink
118,248,53096106,vn_sink
118,248,53096106,vn_sink
118,248,53096106,vn_sink
118,248,53096106,vn_sink
118,248,53096106,vn_sink
118,248,53096106,vn_sink
118,248,53096106,vn_sink
118,248,53096106,vn_sink
118,248,53096106,vn_sink
118,248,53096106,vn_sink
118,248,53096106,vn_sink
118,248,53096106,vn_sink
118,248,53096106,vn_sink
118,248,53096106,vn_sink
118,248,53096106,vn_sink
118,248,53096106,vn_sink
118,248,53096106,vn_sink
118,248,53096106,vn_sink
118,248,53096106,vn_sink
118,248,53096106,vn_sink
37,248,53098775,vn_sink
37,248,53098775,vn_sink
37,248,53098775,vn_sink
37,248,53098775,vn_sink
37,248,53098775,vn_sink
37,248,53098775,vn_sink
37,248,53098775,vn_sink
37,248,53098775,vn_sink
37,248,53098775,vn_sink
37,248,53098775,vn_sink
37,248,53098775,vn_sink
37,248,53098775,vn_sink
37,248,53098775,vn_sink
37,248,53098775,vn_sink
37,248,53098775,vn_sink
37,248,53098775,vn_sink
37,248,53098775,vn_sink
37,248,53098775,vn_sink
37,248,53098775,vn_sink
37,248,53098775,vn_sink
23,248,53099698,vn_sink
23,248,53099698,vn_sink
23,248,53099698,vn_sink
23,248,53099698,vn_sink
23,248,53099698,vn_sink
23,248,53099698,vn_sink
23,248,53099698,vn_sink
23,248,53099698,vn_sink
23,248,53099698,vn_sink
23,248,53099698,vn_sink
23,248,53099698,vn_sink
23,248,53099698,vn_sink
23,248,53099698,vn_sink
23,248,53099698,vn_sink
23,248,53099698,vn_sink
23,248,53099698,vn_sink
23,248,53099698,vn_sink
23,248,53099698,vn_sink
23,248,53099698,vn_sink
23,248,53099698,vn_sink
50,248,53100955,vn_sink
50,248,53100955,vn_sink
50,248,53100955,vn_sink
50,248,53100955,vn_sink
50,248,53100955,vn_sink
50,248,53100955,vn_sink
50,248,53100955,vn_sink
50,248,53100955,vn_sink
50,248,53100955,vn_sink
50,248,53100955,vn_sink
50,248,53100955,vn_sink
50,248,53100955,vn_sink
50,248,53100955,vn_sink
50,248,53100955,vn_sink
50,248,53100955,vn_sink
50,248,53100955,vn_sink
50,248,53100955,vn_sink
50,248,53100955,vn_sink
50,248,53100955,vn_sink
50,248,53100955,vn_sink
51,248,53100957,vn_sink
51,248,53100957,vn_sink
51,248,53100957,vn_sink
51,248,53100957,vn_sink
51,248,53100957,vn_sink
51,248,53100957,vn_sink
51,248,53100957,vn_sink
51,248,53100957,vn_sink
51,248,53100957,vn_sink
51,248,53100957,vn_sink
51,248,53100957,vn_sink
51,248,53100957,vn_sink
51,248,53100957,vn_sink
51,248,53100957,vn_sink
51,248,53100957,vn_sink
51,248,53100957,vn_sink
51,248,53100957,vn_sink
51,248,53100957,vn_sink
51,248,53100957,vn_sink
51,248,53100957,vn_sink
137,248,53110559,vn_sink
137,248,53110559,vn_sink
137,248,53110559,vn_sink
137,248,53110559,vn_sink
137,248,53110559,vn_sink
137,248,53110559,vn_sink
137,248,53110559,vn_sink
137,248,53110559,vn_sink
137,248,53110559,vn_sink
137,248,53110559,vn_sink
137,248,53110559,vn_sink
137,248,53110559,vn_sink
137,248,53110559,vn_sink
137,248,53110559,vn_sink
137,248,53110559,vn_sink
137,248,53110559,vn_sink
137,248,53110559,vn_sink
137,248,53110559,vn_sink
137,248,53110559,vn_sink
137,248,53110559,vn_sink
138,248,53110561,vn_sink
138,248,53110561,vn_sink
138,248,53110561,vn_sink
138,248,53110561,vn_sink
138,248,53110561,vn_sink
138,248,53110561,vn_sink
138,248,53110561,vn_sink
138,248,53110561,vn_sink
138,248,53110561,vn_sink
138,248,53110561,vn_sink
138,248,53110561,vn_sink
138,248,53110561,vn_sink
138,248,53110561,vn_sink
138,248,53110561,vn_sink
138,248,53110561,vn_sink
138,248,53110561,vn_sink
138,248,53110561,vn_sink
138,248,53110561,vn_sink
138,248,53110561,vn_sink
138,248,53110561,vn_sink
139,248,53110563,vn_sink
139,248,53110563,vn_sink
139,248,53110563,vn_sink
139,248,53110563,vn_sink
139,248,53110563,vn_sink
139,248,53110563,vn_sink
139,248,53110563,vn_sink
139,248,53110563,vn_sink
139,248,53110563,vn_sink
139,248,53110563,vn_sink
139,248,53110563,vn_sink
139,248,53110563,vn_sink
139,248,53110563,vn_sink
139,248,53110563,vn_sink
139,248,53110563,vn_sink
139,248,53110563,vn_sink
139,248,53110563,vn_sink
139,248,53110563,vn_sink
139,248,53110563,vn_sink
139,248,53110563,vn_sink
99,248,53111404,vn_sink
99,248,53111404,vn_sink
99,248,53111404,vn_sink
99,248,53111404,vn_sink
99,248,53111404,vn_sink
99,248,53111404,vn_sink
99,248,53111404,vn_sink
99,248,53111404,vn_sink
99,248,53111404,vn_sink
99,248,53111404,vn_sink
99,248,53111404,vn_sink
99,248,53111404,vn_sink
99,248,53111404,vn_sink
99,248,53111404,vn_sink
99,248,53111404,vn_sink
99,248,53111404,vn_sink
99,248,53111404,vn_sink
99,248,53111404,vn_sink
99,248,53111404,vn_sink
99,248,53111404,vn_sink
206,248,53111406_m,vn_sink
206,248,53111406_m,vn_sink
206,248,53111406_m,vn_sink
206,248,53111406_m,vn_sink
206,248,53111406_m,vn_sink
206,248,53111406_m,vn_sink
206,248,53111406_m,vn_sink
206,248,53111406_m,vn_sink
206,248,53111406_m,vn_sink
206,248,53111406_m,vn_sink
206,248,53111406_m,vn_sink
206,248,53111406_m,vn_sink
206,248,53111406_m,vn_sink
206,248,53111406_m,vn_sink
206,248,53111406_m,vn_sink
206,248,53111406_m,vn_sink
206,248,53111406_m,vn_sink
206,248,53111406_m,vn_sink
206,248,53111406_m,vn_sink
206,248,53111406_m,vn_sink
245,248,53112729_m,vn_sink
245,248,53112729_m,vn_sink
245,248,53112729_m,vn_sink
245,248,53112729_m,vn_sink
245,248,53112729_m,vn_sink
245,248,53112729_m,vn_sink
245,248,53112729_m,vn_sink
245,248,53112729_m,vn_sink
245,248,53112729_m,vn_sink
245,248,53112729_m,vn_sink
245,248,53112729_m,vn_sink
245,248,53112729_m,vn_sink
245,248,53112729_m,vn_sink
245,248,53112729_m,vn_sink
245,248,53112729_m,vn_sink
245,248,53112729_m,vn_sink
245,248,53112729_m,vn_sink
245,248,53112729_m,vn_sink
245,248,53112729_m,vn_sink
245,248,53112729_m,vn_sink
81,248,53119522,vn_sink
81,248,53119522,vn_sink
81,248,53119522,vn_sink
81,248,53119522,vn_sink
81,248,53119522,vn_sink
81,248,53119522,vn_sink
81,248,53119522,vn_sink
81,248,53119522,vn_sink
81,248,53119522,vn_sink
81,248,53119522,vn_sink
81,248,53119522,vn_sink
81,248,53119522,vn_sink
81,248,53119522,vn_sink
81,248,53119522,vn_sink
81,248,53119522,vn_sink
81,248,53119522,vn_sink
81,248,53119522,vn_sink
81,248,53119522,vn_sink
81,248,53119522,vn_sink
81,248,53119522,vn_sink
85,248,53119542,vn_sink
85,248,53119542,vn_sink
85,248,53119542,vn_sink
85,248,53119542,vn_sink
85,248,53119542,vn_sink
85,248,53119542,vn_sink
85,248,53119542,vn_sink
85,248,53119542,vn_sink
85,248,53119542,vn_sink
85,248,53119542,vn_sink
85,248,53119542,vn_sink
85,248,53119542,vn_sink
85,248,53119542,vn_sink
85,248,53119542,vn_sink
85,248,53119542,vn_sink
85,248,53119542,vn_sink
85,248,53119542,vn_sink
85,248,53119542,vn_sink
85,248,53119542,vn_sink
85,248,53119542,vn_sink
87,248,53119552,vn_sink
87,248,53119552,vn_sink
87,248,53119552,vn_sink
87,248,53119552,vn_sink
87,248,53119552,vn_sink
87,248,53119552,vn_sink
87,248,53119552,vn_sink
87,248,53119552,vn_sink
87,248,53119552,vn_sink
87,248,53119552,vn_sink
87,248,53119552,vn_sink
87,248,53119552,vn_sink
87,248,53119552,vn_sink
87,248,53119552,vn_sink
87,248,53119552,vn_sink
87,248,53119552,vn_sink
87,248,53119552,vn_sink
87,248,53119552,vn_sink
87,248,53119552,vn_sink
87,248,53119552,vn_sink
89,248,53119554,vn_sink
89,248,53119554,vn_sink
89,248,53119554,vn_sink
89,248,53119554,vn_sink
89,248,53119554,vn_sink
89,248,53119554,vn_sink
89,248,53119554,vn_sink
89,248,53119554,vn_sink
89,248,53119554,vn_sink
89,248,53119554,vn_sink
89,248,53119554,vn_sink
89,248,53119554,vn_sink
89,248,53119554,vn_sink
89,248,53119554,vn_sink
89,248,53119554,vn_sink
89,248,53119554,vn_sink
89,248,53119554,vn_sink
89,248,53119554,vn_sink
89,248,53119554,vn_sink
89,248,53119554,vn_sink
150,248,53123929,vn_sink
150,248,53123929,vn_sink
150,248,53123929,vn_sink
150,248,53123929,vn_sink
150,248,53123929,vn_sink
150,248,53123929,vn_sink
150,248,53123929,vn_sink
150,248,53123929,vn_sink
150,248,53123929,vn_sink
150,248,53123929,vn_sink
150,248,53123929,vn_sink
150,248,53123929,vn_sink
150,248,53123929,vn_sink
150,248,53123929,vn_sink
150,248,53123929,vn_sink
150,248,53123929,vn_sink
150,248,53123929,vn_sink
150,248,53123929,vn_sink
150,248,53123929,vn_sink
150,248,53123929,vn_sink
16,248,53130350,vn_sink
16,248,53130350,vn_sink
16,248,53130350,vn_sink
16,248,53130350,vn_sink
16,248,53130350,vn_sink
16,248,53130350,vn_sink
16,248,53130350,vn_sink
16,248,53130350,vn_sink
16,248,53130350,vn_sink
16,248,53130350,vn_sink
16,248,53130350,vn_sink
16,248,53130350,vn_sink
16,248,53130350,vn_sink
16,248,53130350,vn_sink
16,248,53130350,vn_sink
16,248,53130350,vn_sink
16,248,53130350,vn_sink
16,248,53130350,vn_sink
16,248,53130350,vn_sink
16,248,53130350,vn_sink
214,248,53133624_m,vn_sink
214,248,53133624_m,vn_sink
214,248,53133624_m,vn_sink
214,248,53133624_m,vn_sink
214,248,53133624_m,vn_sink
214,248,53133624_m,vn_sink
214,248,53133624_m,vn_sink
214,248,53133624_m,vn_sink
214,248,53133624_m,vn_sink
214,248,53133624_m,vn_sink
214,248,53133624_m,vn_sink
214,248,53133624_m,vn_sink
214,248,53133624_m,vn_sink
214,248,53133624_m,vn_sink
214,248,53133624_m,vn_sink
214,248,53133624_m,vn_sink
214,248,53133624_m,vn_sink
214,248,53133624_m,vn_sink
214,248,53133624_m,vn_sink
214,248,53133624_m,vn_sink
143,248,53143356,vn_sink
143,248,53143356,vn_sink
143,248,53143356,vn_sink
143,248,53143356,vn_sink
143,248,53143356,vn_sink
143,248,53143356,vn_sink
143,248,53143356,vn_sink
143,248,53143356,vn_sink
143,248,53143356,vn_sink
143,248,53143356,vn_sink
143,248,53143356,vn_sink
143,248,53143356,vn_sink
143,248,53143356,vn_sink
143,248,53143356,vn_sink
143,248,53143356,vn_sink
143,248,53143356,vn_sink
143,248,53143356,vn_sink
143,248,53143356,vn_sink
143,248,53143356,vn_sink
143,248,53143356,vn_sink
197,248,57823404_m,vn_sink
197,248,57823404_m,vn_sink
197,248,57823404_m,vn_sink
197,248,57823404_m,vn_sink
197,248,57823404_m,vn_sink
197,248,57823404_m,vn_sink
197,248,57823404_m,vn_sink
197,248,57823404_m,vn_sink
197,248,57823404_m,vn_sink
197,248,57823404_m,vn_sink
197,248,57823404_m,vn_sink
197,248,57823404_m,vn_sink
197,248,57823404_m,vn_sink
197,248,57823404_m,vn_sink
197,248,57823404_m,vn_sink
197,248,57823404_m,vn_sink
197,248,57823404_m,vn_sink
197,248,57823404_m,vn_sink
197,248,57823404_m,vn_sink
197,248,57823404_m,vn_sink
55,248,59942347,vn_sink
55,248,59942347,vn_sink
55,248,59942347,vn_sink
55,248,59942347,vn_sink
55,248,59942347,vn_sink
55,248,59942347,vn_sink
55,248,59942347,vn_sink
55,248,59942347,vn_sink
55,248,59942347,vn_sink
55,248,59942347,vn_sink
55,248,59942347,vn_sink
55,248,59942347,vn_sink
55,248,59942347,vn_sink
55,248,59942347,vn_sink
55,248,59942347,vn_sink
55,248,59942347,vn_sink
55,248,59942347,vn_sink
55,248,59942347,vn_sink
55,248,59942347,vn_sink
55,248,59942347,vn_sink
